--
-- PostgreSQL database dump
--

SET statement_timeout = 0;
SET lock_timeout = 0;
SET client_encoding = 'UTF8';
SET standard_conforming_strings = on;
SET check_function_bodies = false;
SET client_min_messages = warning;

--
-- Name: plpgsql; Type: EXTENSION; Schema: -; Owner: -
--

CREATE EXTENSION IF NOT EXISTS plpgsql WITH SCHEMA pg_catalog;


--
-- Name: EXTENSION plpgsql; Type: COMMENT; Schema: -; Owner: -
--

COMMENT ON EXTENSION plpgsql IS 'PL/pgSQL procedural language';


SET search_path = public, pg_catalog;

SET default_tablespace = '';

SET default_with_oids = false;

--
-- Name: auth_group; Type: TABLE; Schema: public; Owner: -; Tablespace: 
--

CREATE TABLE auth_group (
    id integer NOT NULL,
    name character varying(80) NOT NULL
);


--
-- Name: auth_group_id_seq; Type: SEQUENCE; Schema: public; Owner: -
--

CREATE SEQUENCE auth_group_id_seq
    START WITH 1
    INCREMENT BY 1
    NO MINVALUE
    NO MAXVALUE
    CACHE 1;


--
-- Name: auth_group_id_seq; Type: SEQUENCE OWNED BY; Schema: public; Owner: -
--

ALTER SEQUENCE auth_group_id_seq OWNED BY auth_group.id;


--
-- Name: auth_group_permissions; Type: TABLE; Schema: public; Owner: -; Tablespace: 
--

CREATE TABLE auth_group_permissions (
    id integer NOT NULL,
    group_id integer NOT NULL,
    permission_id integer NOT NULL
);


--
-- Name: auth_group_permissions_id_seq; Type: SEQUENCE; Schema: public; Owner: -
--

CREATE SEQUENCE auth_group_permissions_id_seq
    START WITH 1
    INCREMENT BY 1
    NO MINVALUE
    NO MAXVALUE
    CACHE 1;


--
-- Name: auth_group_permissions_id_seq; Type: SEQUENCE OWNED BY; Schema: public; Owner: -
--

ALTER SEQUENCE auth_group_permissions_id_seq OWNED BY auth_group_permissions.id;


--
-- Name: auth_permission; Type: TABLE; Schema: public; Owner: -; Tablespace: 
--

CREATE TABLE auth_permission (
    id integer NOT NULL,
    name character varying(255) NOT NULL,
    content_type_id integer NOT NULL,
    codename character varying(100) NOT NULL
);


--
-- Name: auth_permission_id_seq; Type: SEQUENCE; Schema: public; Owner: -
--

CREATE SEQUENCE auth_permission_id_seq
    START WITH 1
    INCREMENT BY 1
    NO MINVALUE
    NO MAXVALUE
    CACHE 1;


--
-- Name: auth_permission_id_seq; Type: SEQUENCE OWNED BY; Schema: public; Owner: -
--

ALTER SEQUENCE auth_permission_id_seq OWNED BY auth_permission.id;


--
-- Name: customuser_user; Type: TABLE; Schema: public; Owner: -; Tablespace: 
--

CREATE TABLE customuser_user (
    id integer NOT NULL,
    password character varying(128) NOT NULL,
    last_login timestamp with time zone,
    is_superuser boolean NOT NULL,
    email character varying(255) NOT NULL,
    is_staff boolean NOT NULL,
    is_active boolean NOT NULL,
    date_joined timestamp with time zone NOT NULL,
    last_name character varying(255) NOT NULL,
    first_name character varying(255) NOT NULL
);


--
-- Name: customuser_user_groups; Type: TABLE; Schema: public; Owner: -; Tablespace: 
--

CREATE TABLE customuser_user_groups (
    id integer NOT NULL,
    user_id integer NOT NULL,
    group_id integer NOT NULL
);


--
-- Name: customuser_user_groups_id_seq; Type: SEQUENCE; Schema: public; Owner: -
--

CREATE SEQUENCE customuser_user_groups_id_seq
    START WITH 1
    INCREMENT BY 1
    NO MINVALUE
    NO MAXVALUE
    CACHE 1;


--
-- Name: customuser_user_groups_id_seq; Type: SEQUENCE OWNED BY; Schema: public; Owner: -
--

ALTER SEQUENCE customuser_user_groups_id_seq OWNED BY customuser_user_groups.id;


--
-- Name: customuser_user_id_seq; Type: SEQUENCE; Schema: public; Owner: -
--

CREATE SEQUENCE customuser_user_id_seq
    START WITH 1
    INCREMENT BY 1
    NO MINVALUE
    NO MAXVALUE
    CACHE 1;


--
-- Name: customuser_user_id_seq; Type: SEQUENCE OWNED BY; Schema: public; Owner: -
--

ALTER SEQUENCE customuser_user_id_seq OWNED BY customuser_user.id;


--
-- Name: customuser_user_user_permissions; Type: TABLE; Schema: public; Owner: -; Tablespace: 
--

CREATE TABLE customuser_user_user_permissions (
    id integer NOT NULL,
    user_id integer NOT NULL,
    permission_id integer NOT NULL
);


--
-- Name: customuser_user_user_permissions_id_seq; Type: SEQUENCE; Schema: public; Owner: -
--

CREATE SEQUENCE customuser_user_user_permissions_id_seq
    START WITH 1
    INCREMENT BY 1
    NO MINVALUE
    NO MAXVALUE
    CACHE 1;


--
-- Name: customuser_user_user_permissions_id_seq; Type: SEQUENCE OWNED BY; Schema: public; Owner: -
--

ALTER SEQUENCE customuser_user_user_permissions_id_seq OWNED BY customuser_user_user_permissions.id;


--
-- Name: django_admin_log; Type: TABLE; Schema: public; Owner: -; Tablespace: 
--

CREATE TABLE django_admin_log (
    id integer NOT NULL,
    action_time timestamp with time zone NOT NULL,
    object_id text,
    object_repr character varying(200) NOT NULL,
    action_flag smallint NOT NULL,
    change_message text NOT NULL,
    content_type_id integer,
    user_id integer NOT NULL,
    CONSTRAINT django_admin_log_action_flag_check CHECK ((action_flag >= 0))
);


--
-- Name: django_admin_log_id_seq; Type: SEQUENCE; Schema: public; Owner: -
--

CREATE SEQUENCE django_admin_log_id_seq
    START WITH 1
    INCREMENT BY 1
    NO MINVALUE
    NO MAXVALUE
    CACHE 1;


--
-- Name: django_admin_log_id_seq; Type: SEQUENCE OWNED BY; Schema: public; Owner: -
--

ALTER SEQUENCE django_admin_log_id_seq OWNED BY django_admin_log.id;


--
-- Name: django_content_type; Type: TABLE; Schema: public; Owner: -; Tablespace: 
--

CREATE TABLE django_content_type (
    id integer NOT NULL,
    app_label character varying(100) NOT NULL,
    model character varying(100) NOT NULL
);


--
-- Name: django_content_type_id_seq; Type: SEQUENCE; Schema: public; Owner: -
--

CREATE SEQUENCE django_content_type_id_seq
    START WITH 1
    INCREMENT BY 1
    NO MINVALUE
    NO MAXVALUE
    CACHE 1;


--
-- Name: django_content_type_id_seq; Type: SEQUENCE OWNED BY; Schema: public; Owner: -
--

ALTER SEQUENCE django_content_type_id_seq OWNED BY django_content_type.id;


--
-- Name: django_migrations; Type: TABLE; Schema: public; Owner: -; Tablespace: 
--

CREATE TABLE django_migrations (
    id integer NOT NULL,
    app character varying(255) NOT NULL,
    name character varying(255) NOT NULL,
    applied timestamp with time zone NOT NULL
);


--
-- Name: django_migrations_id_seq; Type: SEQUENCE; Schema: public; Owner: -
--

CREATE SEQUENCE django_migrations_id_seq
    START WITH 1
    INCREMENT BY 1
    NO MINVALUE
    NO MAXVALUE
    CACHE 1;


--
-- Name: django_migrations_id_seq; Type: SEQUENCE OWNED BY; Schema: public; Owner: -
--

ALTER SEQUENCE django_migrations_id_seq OWNED BY django_migrations.id;


--
-- Name: django_session; Type: TABLE; Schema: public; Owner: -; Tablespace: 
--

CREATE TABLE django_session (
    session_key character varying(40) NOT NULL,
    session_data text NOT NULL,
    expire_date timestamp with time zone NOT NULL
);


--
-- Name: easy_thumbnails_source; Type: TABLE; Schema: public; Owner: -; Tablespace: 
--

CREATE TABLE easy_thumbnails_source (
    id integer NOT NULL,
    storage_hash character varying(40) NOT NULL,
    name character varying(255) NOT NULL,
    modified timestamp with time zone NOT NULL
);


--
-- Name: easy_thumbnails_source_id_seq; Type: SEQUENCE; Schema: public; Owner: -
--

CREATE SEQUENCE easy_thumbnails_source_id_seq
    START WITH 1
    INCREMENT BY 1
    NO MINVALUE
    NO MAXVALUE
    CACHE 1;


--
-- Name: easy_thumbnails_source_id_seq; Type: SEQUENCE OWNED BY; Schema: public; Owner: -
--

ALTER SEQUENCE easy_thumbnails_source_id_seq OWNED BY easy_thumbnails_source.id;


--
-- Name: easy_thumbnails_thumbnail; Type: TABLE; Schema: public; Owner: -; Tablespace: 
--

CREATE TABLE easy_thumbnails_thumbnail (
    id integer NOT NULL,
    storage_hash character varying(40) NOT NULL,
    name character varying(255) NOT NULL,
    modified timestamp with time zone NOT NULL,
    source_id integer NOT NULL
);


--
-- Name: easy_thumbnails_thumbnail_id_seq; Type: SEQUENCE; Schema: public; Owner: -
--

CREATE SEQUENCE easy_thumbnails_thumbnail_id_seq
    START WITH 1
    INCREMENT BY 1
    NO MINVALUE
    NO MAXVALUE
    CACHE 1;


--
-- Name: easy_thumbnails_thumbnail_id_seq; Type: SEQUENCE OWNED BY; Schema: public; Owner: -
--

ALTER SEQUENCE easy_thumbnails_thumbnail_id_seq OWNED BY easy_thumbnails_thumbnail.id;


--
-- Name: easy_thumbnails_thumbnaildimensions; Type: TABLE; Schema: public; Owner: -; Tablespace: 
--

CREATE TABLE easy_thumbnails_thumbnaildimensions (
    id integer NOT NULL,
    thumbnail_id integer NOT NULL,
    width integer,
    height integer,
    CONSTRAINT easy_thumbnails_thumbnaildimensions_height_check CHECK ((height >= 0)),
    CONSTRAINT easy_thumbnails_thumbnaildimensions_width_check CHECK ((width >= 0))
);


--
-- Name: easy_thumbnails_thumbnaildimensions_id_seq; Type: SEQUENCE; Schema: public; Owner: -
--

CREATE SEQUENCE easy_thumbnails_thumbnaildimensions_id_seq
    START WITH 1
    INCREMENT BY 1
    NO MINVALUE
    NO MAXVALUE
    CACHE 1;


--
-- Name: easy_thumbnails_thumbnaildimensions_id_seq; Type: SEQUENCE OWNED BY; Schema: public; Owner: -
--

ALTER SEQUENCE easy_thumbnails_thumbnaildimensions_id_seq OWNED BY easy_thumbnails_thumbnaildimensions.id;


--
-- Name: home_aboutpage; Type: TABLE; Schema: public; Owner: -; Tablespace: 
--

CREATE TABLE home_aboutpage (
    page_ptr_id integer NOT NULL,
    subsection_title character varying(30) NOT NULL,
    subsection_subtitle character varying(100) NOT NULL,
    body text NOT NULL,
    main_image_id integer
);


--
-- Name: home_academicpage; Type: TABLE; Schema: public; Owner: -; Tablespace: 
--

CREATE TABLE home_academicpage (
    page_ptr_id integer NOT NULL,
    subsection_title character varying(30) NOT NULL,
    subsection_subtitle character varying(100) NOT NULL,
    body text NOT NULL,
    main_image_id integer
);


--
-- Name: home_academicprogrampage; Type: TABLE; Schema: public; Owner: -; Tablespace: 
--

CREATE TABLE home_academicprogrampage (
    page_ptr_id integer NOT NULL,
    subsection_title character varying(30) NOT NULL,
    subsection_subtitle character varying(100) NOT NULL
);


--
-- Name: home_academicprograms; Type: TABLE; Schema: public; Owner: -; Tablespace: 
--

CREATE TABLE home_academicprograms (
    id integer NOT NULL,
    program_name character varying(50) NOT NULL,
    program_description text NOT NULL
);


--
-- Name: home_academicprograms_id_seq; Type: SEQUENCE; Schema: public; Owner: -
--

CREATE SEQUENCE home_academicprograms_id_seq
    START WITH 1
    INCREMENT BY 1
    NO MINVALUE
    NO MAXVALUE
    CACHE 1;


--
-- Name: home_academicprograms_id_seq; Type: SEQUENCE OWNED BY; Schema: public; Owner: -
--

ALTER SEQUENCE home_academicprograms_id_seq OWNED BY home_academicprograms.id;


--
-- Name: home_adjunctprofessor; Type: TABLE; Schema: public; Owner: -; Tablespace: 
--

CREATE TABLE home_adjunctprofessor (
    id integer NOT NULL,
    professor_name character varying(30) NOT NULL,
    professor_spec text NOT NULL,
    professor_course character varying(100) NOT NULL,
    professor_image_id integer
);


--
-- Name: home_adjunctprofessor_id_seq; Type: SEQUENCE; Schema: public; Owner: -
--

CREATE SEQUENCE home_adjunctprofessor_id_seq
    START WITH 1
    INCREMENT BY 1
    NO MINVALUE
    NO MAXVALUE
    CACHE 1;


--
-- Name: home_adjunctprofessor_id_seq; Type: SEQUENCE OWNED BY; Schema: public; Owner: -
--

ALTER SEQUENCE home_adjunctprofessor_id_seq OWNED BY home_adjunctprofessor.id;


--
-- Name: home_admissionpage; Type: TABLE; Schema: public; Owner: -; Tablespace: 
--

CREATE TABLE home_admissionpage (
    page_ptr_id integer NOT NULL,
    subsection_title character varying(30) NOT NULL,
    subsection_subtitle character varying(100) NOT NULL,
    body text NOT NULL,
    main_image_id integer
);


--
-- Name: home_chairmanpage; Type: TABLE; Schema: public; Owner: -; Tablespace: 
--

CREATE TABLE home_chairmanpage (
    page_ptr_id integer NOT NULL,
    subsection_title character varying(30) NOT NULL,
    subsection_subtitle character varying(100) NOT NULL,
    chairman_name character varying(30) NOT NULL,
    chairman_title character varying(20) NOT NULL,
    body text NOT NULL,
    chairman_image_id integer
);


--
-- Name: home_contactpage; Type: TABLE; Schema: public; Owner: -; Tablespace: 
--

CREATE TABLE home_contactpage (
    page_ptr_id integer NOT NULL,
    to_address character varying(255) NOT NULL,
    from_address character varying(255) NOT NULL,
    subject character varying(255) NOT NULL,
    contact_header character varying(30) NOT NULL,
    contact_subheader character varying(100) NOT NULL,
    thank_you_text character varying(255) NOT NULL
);


--
-- Name: home_course; Type: TABLE; Schema: public; Owner: -; Tablespace: 
--

CREATE TABLE home_course (
    id integer NOT NULL,
    course_name character varying(100) NOT NULL
);


--
-- Name: home_course_id_seq; Type: SEQUENCE; Schema: public; Owner: -
--

CREATE SEQUENCE home_course_id_seq
    START WITH 1
    INCREMENT BY 1
    NO MINVALUE
    NO MAXVALUE
    CACHE 1;


--
-- Name: home_course_id_seq; Type: SEQUENCE OWNED BY; Schema: public; Owner: -
--

ALTER SEQUENCE home_course_id_seq OWNED BY home_course.id;


--
-- Name: home_facultypage; Type: TABLE; Schema: public; Owner: -; Tablespace: 
--

CREATE TABLE home_facultypage (
    page_ptr_id integer NOT NULL,
    subsection_title character varying(30) NOT NULL,
    subsection_subtitle character varying(100) NOT NULL,
    tab_title_1 character varying(30) NOT NULL,
    tab_title_2 character varying(30) NOT NULL
);


--
-- Name: home_faithpage; Type: TABLE; Schema: public; Owner: -; Tablespace: 
--

CREATE TABLE home_faithpage (
    page_ptr_id integer NOT NULL,
    subsection_title character varying(30) NOT NULL,
    subsection_subtitle character varying(100) NOT NULL,
    body text NOT NULL,
    main_image_id integer
);


--
-- Name: home_formfield; Type: TABLE; Schema: public; Owner: -; Tablespace: 
--

CREATE TABLE home_formfield (
    id integer NOT NULL,
    sort_order integer,
    label character varying(255) NOT NULL,
    field_type character varying(16) NOT NULL,
    required boolean NOT NULL,
    choices character varying(512) NOT NULL,
    default_value character varying(255) NOT NULL,
    help_text character varying(255) NOT NULL,
    page_id integer NOT NULL
);


--
-- Name: home_formfield_id_seq; Type: SEQUENCE; Schema: public; Owner: -
--

CREATE SEQUENCE home_formfield_id_seq
    START WITH 1
    INCREMENT BY 1
    NO MINVALUE
    NO MAXVALUE
    CACHE 1;


--
-- Name: home_formfield_id_seq; Type: SEQUENCE OWNED BY; Schema: public; Owner: -
--

ALTER SEQUENCE home_formfield_id_seq OWNED BY home_formfield.id;


--
-- Name: home_homepage; Type: TABLE; Schema: public; Owner: -; Tablespace: 
--

CREATE TABLE home_homepage (
    page_ptr_id integer NOT NULL,
    main_header character varying(30) NOT NULL,
    main_subheader character varying(255) NOT NULL,
    slider1_header1 character varying(30) NOT NULL,
    slider1_header2 character varying(50) NOT NULL,
    slider1_subheader1 character varying(100) NOT NULL,
    slider2_header1 character varying(255) NOT NULL,
    slider2_subheader1 character varying(30) NOT NULL
);


--
-- Name: home_missionpage; Type: TABLE; Schema: public; Owner: -; Tablespace: 
--

CREATE TABLE home_missionpage (
    page_ptr_id integer NOT NULL,
    subsection_title character varying(30) NOT NULL,
    subsection_subtitle character varying(100) NOT NULL,
    body text NOT NULL,
    main_image_id integer
);


--
-- Name: home_presidentpage; Type: TABLE; Schema: public; Owner: -; Tablespace: 
--

CREATE TABLE home_presidentpage (
    page_ptr_id integer NOT NULL,
    subsection_title character varying(30) NOT NULL,
    subsection_subtitle character varying(100) NOT NULL,
    president_name character varying(30) NOT NULL,
    president_title character varying(20) NOT NULL,
    body text NOT NULL,
    president_image_id integer
);


--
-- Name: home_professor; Type: TABLE; Schema: public; Owner: -; Tablespace: 
--

CREATE TABLE home_professor (
    id integer NOT NULL,
    professor_name character varying(30) NOT NULL,
    professor_spec text NOT NULL,
    course_id integer,
    professor_image_id integer
);


--
-- Name: home_professor_id_seq; Type: SEQUENCE; Schema: public; Owner: -
--

CREATE SEQUENCE home_professor_id_seq
    START WITH 1
    INCREMENT BY 1
    NO MINVALUE
    NO MAXVALUE
    CACHE 1;


--
-- Name: home_professor_id_seq; Type: SEQUENCE OWNED BY; Schema: public; Owner: -
--

ALTER SEQUENCE home_professor_id_seq OWNED BY home_professor.id;


--
-- Name: home_staffpage; Type: TABLE; Schema: public; Owner: -; Tablespace: 
--

CREATE TABLE home_staffpage (
    page_ptr_id integer NOT NULL,
    subsection_title character varying(30) NOT NULL,
    subsection_subtitle character varying(100) NOT NULL,
    first_column_header character varying(30) NOT NULL,
    first_column_name character varying(30) NOT NULL,
    first_column_position character varying(30) NOT NULL,
    first_column_spec text NOT NULL,
    second_column_header character varying(30) NOT NULL,
    second_column_name character varying(30) NOT NULL,
    second_column_position character varying(30) NOT NULL,
    second_column_spec text NOT NULL,
    third_column_header character varying(30) NOT NULL,
    third_column_name character varying(30) NOT NULL,
    third_column_position character varying(30) NOT NULL,
    fourth_column_header character varying(30) NOT NULL,
    fourth_column_name character varying(30) NOT NULL,
    fourth_column_position character varying(30) NOT NULL,
    fifth_column_header character varying(30) NOT NULL,
    fifth_column_name character varying(30) NOT NULL,
    fifth_column_position character varying(30) NOT NULL,
    fifth_column_image_id integer,
    first_column_image_id integer,
    fourth_column_image_id integer,
    second_column_image_id integer,
    third_column_image_id integer
);


--
-- Name: profiles_profile; Type: TABLE; Schema: public; Owner: -; Tablespace: 
--

CREATE TABLE profiles_profile (
    user_id integer NOT NULL,
    slug uuid NOT NULL,
    picture character varying(100),
    bio character varying(200),
    email_verified boolean NOT NULL
);


--
-- Name: taggit_tag; Type: TABLE; Schema: public; Owner: -; Tablespace: 
--

CREATE TABLE taggit_tag (
    id integer NOT NULL,
    name character varying(100) NOT NULL,
    slug character varying(100) NOT NULL
);


--
-- Name: taggit_tag_id_seq; Type: SEQUENCE; Schema: public; Owner: -
--

CREATE SEQUENCE taggit_tag_id_seq
    START WITH 1
    INCREMENT BY 1
    NO MINVALUE
    NO MAXVALUE
    CACHE 1;


--
-- Name: taggit_tag_id_seq; Type: SEQUENCE OWNED BY; Schema: public; Owner: -
--

ALTER SEQUENCE taggit_tag_id_seq OWNED BY taggit_tag.id;


--
-- Name: taggit_taggeditem; Type: TABLE; Schema: public; Owner: -; Tablespace: 
--

CREATE TABLE taggit_taggeditem (
    id integer NOT NULL,
    object_id integer NOT NULL,
    content_type_id integer NOT NULL,
    tag_id integer NOT NULL
);


--
-- Name: taggit_taggeditem_id_seq; Type: SEQUENCE; Schema: public; Owner: -
--

CREATE SEQUENCE taggit_taggeditem_id_seq
    START WITH 1
    INCREMENT BY 1
    NO MINVALUE
    NO MAXVALUE
    CACHE 1;


--
-- Name: taggit_taggeditem_id_seq; Type: SEQUENCE OWNED BY; Schema: public; Owner: -
--

ALTER SEQUENCE taggit_taggeditem_id_seq OWNED BY taggit_taggeditem.id;


--
-- Name: wagtailcore_grouppagepermission; Type: TABLE; Schema: public; Owner: -; Tablespace: 
--

CREATE TABLE wagtailcore_grouppagepermission (
    id integer NOT NULL,
    permission_type character varying(20) NOT NULL,
    group_id integer NOT NULL,
    page_id integer NOT NULL
);


--
-- Name: wagtailcore_grouppagepermission_id_seq; Type: SEQUENCE; Schema: public; Owner: -
--

CREATE SEQUENCE wagtailcore_grouppagepermission_id_seq
    START WITH 1
    INCREMENT BY 1
    NO MINVALUE
    NO MAXVALUE
    CACHE 1;


--
-- Name: wagtailcore_grouppagepermission_id_seq; Type: SEQUENCE OWNED BY; Schema: public; Owner: -
--

ALTER SEQUENCE wagtailcore_grouppagepermission_id_seq OWNED BY wagtailcore_grouppagepermission.id;


--
-- Name: wagtailcore_page; Type: TABLE; Schema: public; Owner: -; Tablespace: 
--

CREATE TABLE wagtailcore_page (
    id integer NOT NULL,
    path character varying(255) NOT NULL,
    depth integer NOT NULL,
    numchild integer NOT NULL,
    title character varying(255) NOT NULL,
    slug character varying(255) NOT NULL,
    live boolean NOT NULL,
    has_unpublished_changes boolean NOT NULL,
    url_path text NOT NULL,
    seo_title character varying(255) NOT NULL,
    show_in_menus boolean NOT NULL,
    search_description text NOT NULL,
    go_live_at timestamp with time zone,
    expire_at timestamp with time zone,
    expired boolean NOT NULL,
    content_type_id integer NOT NULL,
    owner_id integer,
    locked boolean NOT NULL,
    latest_revision_created_at timestamp with time zone,
    first_published_at timestamp with time zone,
    CONSTRAINT wagtailcore_page_depth_check CHECK ((depth >= 0)),
    CONSTRAINT wagtailcore_page_numchild_check CHECK ((numchild >= 0))
);


--
-- Name: wagtailcore_page_id_seq; Type: SEQUENCE; Schema: public; Owner: -
--

CREATE SEQUENCE wagtailcore_page_id_seq
    START WITH 1
    INCREMENT BY 1
    NO MINVALUE
    NO MAXVALUE
    CACHE 1;


--
-- Name: wagtailcore_page_id_seq; Type: SEQUENCE OWNED BY; Schema: public; Owner: -
--

ALTER SEQUENCE wagtailcore_page_id_seq OWNED BY wagtailcore_page.id;


--
-- Name: wagtailcore_pagerevision; Type: TABLE; Schema: public; Owner: -; Tablespace: 
--

CREATE TABLE wagtailcore_pagerevision (
    id integer NOT NULL,
    submitted_for_moderation boolean NOT NULL,
    created_at timestamp with time zone NOT NULL,
    content_json text NOT NULL,
    approved_go_live_at timestamp with time zone,
    page_id integer NOT NULL,
    user_id integer
);


--
-- Name: wagtailcore_pagerevision_id_seq; Type: SEQUENCE; Schema: public; Owner: -
--

CREATE SEQUENCE wagtailcore_pagerevision_id_seq
    START WITH 1
    INCREMENT BY 1
    NO MINVALUE
    NO MAXVALUE
    CACHE 1;


--
-- Name: wagtailcore_pagerevision_id_seq; Type: SEQUENCE OWNED BY; Schema: public; Owner: -
--

ALTER SEQUENCE wagtailcore_pagerevision_id_seq OWNED BY wagtailcore_pagerevision.id;


--
-- Name: wagtailcore_pageviewrestriction; Type: TABLE; Schema: public; Owner: -; Tablespace: 
--

CREATE TABLE wagtailcore_pageviewrestriction (
    id integer NOT NULL,
    password character varying(255) NOT NULL,
    page_id integer NOT NULL
);


--
-- Name: wagtailcore_pageviewrestriction_id_seq; Type: SEQUENCE; Schema: public; Owner: -
--

CREATE SEQUENCE wagtailcore_pageviewrestriction_id_seq
    START WITH 1
    INCREMENT BY 1
    NO MINVALUE
    NO MAXVALUE
    CACHE 1;


--
-- Name: wagtailcore_pageviewrestriction_id_seq; Type: SEQUENCE OWNED BY; Schema: public; Owner: -
--

ALTER SEQUENCE wagtailcore_pageviewrestriction_id_seq OWNED BY wagtailcore_pageviewrestriction.id;


--
-- Name: wagtailcore_site; Type: TABLE; Schema: public; Owner: -; Tablespace: 
--

CREATE TABLE wagtailcore_site (
    id integer NOT NULL,
    hostname character varying(255) NOT NULL,
    port integer NOT NULL,
    is_default_site boolean NOT NULL,
    root_page_id integer NOT NULL
);


--
-- Name: wagtailcore_site_id_seq; Type: SEQUENCE; Schema: public; Owner: -
--

CREATE SEQUENCE wagtailcore_site_id_seq
    START WITH 1
    INCREMENT BY 1
    NO MINVALUE
    NO MAXVALUE
    CACHE 1;


--
-- Name: wagtailcore_site_id_seq; Type: SEQUENCE OWNED BY; Schema: public; Owner: -
--

ALTER SEQUENCE wagtailcore_site_id_seq OWNED BY wagtailcore_site.id;


--
-- Name: wagtaildocs_document; Type: TABLE; Schema: public; Owner: -; Tablespace: 
--

CREATE TABLE wagtaildocs_document (
    id integer NOT NULL,
    title character varying(255) NOT NULL,
    file character varying(100) NOT NULL,
    created_at timestamp with time zone NOT NULL,
    uploaded_by_user_id integer
);


--
-- Name: wagtaildocs_document_id_seq; Type: SEQUENCE; Schema: public; Owner: -
--

CREATE SEQUENCE wagtaildocs_document_id_seq
    START WITH 1
    INCREMENT BY 1
    NO MINVALUE
    NO MAXVALUE
    CACHE 1;


--
-- Name: wagtaildocs_document_id_seq; Type: SEQUENCE OWNED BY; Schema: public; Owner: -
--

ALTER SEQUENCE wagtaildocs_document_id_seq OWNED BY wagtaildocs_document.id;


--
-- Name: wagtailembeds_embed; Type: TABLE; Schema: public; Owner: -; Tablespace: 
--

CREATE TABLE wagtailembeds_embed (
    id integer NOT NULL,
    url character varying(200) NOT NULL,
    max_width smallint,
    type character varying(10) NOT NULL,
    html text NOT NULL,
    title text NOT NULL,
    author_name text NOT NULL,
    provider_name text NOT NULL,
    thumbnail_url character varying(200),
    width integer,
    height integer,
    last_updated timestamp with time zone NOT NULL
);


--
-- Name: wagtailembeds_embed_id_seq; Type: SEQUENCE; Schema: public; Owner: -
--

CREATE SEQUENCE wagtailembeds_embed_id_seq
    START WITH 1
    INCREMENT BY 1
    NO MINVALUE
    NO MAXVALUE
    CACHE 1;


--
-- Name: wagtailembeds_embed_id_seq; Type: SEQUENCE OWNED BY; Schema: public; Owner: -
--

ALTER SEQUENCE wagtailembeds_embed_id_seq OWNED BY wagtailembeds_embed.id;


--
-- Name: wagtailforms_formsubmission; Type: TABLE; Schema: public; Owner: -; Tablespace: 
--

CREATE TABLE wagtailforms_formsubmission (
    id integer NOT NULL,
    form_data text NOT NULL,
    submit_time timestamp with time zone NOT NULL,
    page_id integer NOT NULL
);


--
-- Name: wagtailforms_formsubmission_id_seq; Type: SEQUENCE; Schema: public; Owner: -
--

CREATE SEQUENCE wagtailforms_formsubmission_id_seq
    START WITH 1
    INCREMENT BY 1
    NO MINVALUE
    NO MAXVALUE
    CACHE 1;


--
-- Name: wagtailforms_formsubmission_id_seq; Type: SEQUENCE OWNED BY; Schema: public; Owner: -
--

ALTER SEQUENCE wagtailforms_formsubmission_id_seq OWNED BY wagtailforms_formsubmission.id;


--
-- Name: wagtailimages_filter; Type: TABLE; Schema: public; Owner: -; Tablespace: 
--

CREATE TABLE wagtailimages_filter (
    id integer NOT NULL,
    spec character varying(255) NOT NULL
);


--
-- Name: wagtailimages_filter_id_seq; Type: SEQUENCE; Schema: public; Owner: -
--

CREATE SEQUENCE wagtailimages_filter_id_seq
    START WITH 1
    INCREMENT BY 1
    NO MINVALUE
    NO MAXVALUE
    CACHE 1;


--
-- Name: wagtailimages_filter_id_seq; Type: SEQUENCE OWNED BY; Schema: public; Owner: -
--

ALTER SEQUENCE wagtailimages_filter_id_seq OWNED BY wagtailimages_filter.id;


--
-- Name: wagtailimages_image; Type: TABLE; Schema: public; Owner: -; Tablespace: 
--

CREATE TABLE wagtailimages_image (
    id integer NOT NULL,
    title character varying(255) NOT NULL,
    file character varying(100) NOT NULL,
    width integer NOT NULL,
    height integer NOT NULL,
    created_at timestamp with time zone NOT NULL,
    focal_point_x integer,
    focal_point_y integer,
    focal_point_width integer,
    focal_point_height integer,
    uploaded_by_user_id integer,
    CONSTRAINT wagtailimages_image_focal_point_height_check CHECK ((focal_point_height >= 0)),
    CONSTRAINT wagtailimages_image_focal_point_width_check CHECK ((focal_point_width >= 0)),
    CONSTRAINT wagtailimages_image_focal_point_x_check CHECK ((focal_point_x >= 0)),
    CONSTRAINT wagtailimages_image_focal_point_y_check CHECK ((focal_point_y >= 0))
);


--
-- Name: wagtailimages_image_id_seq; Type: SEQUENCE; Schema: public; Owner: -
--

CREATE SEQUENCE wagtailimages_image_id_seq
    START WITH 1
    INCREMENT BY 1
    NO MINVALUE
    NO MAXVALUE
    CACHE 1;


--
-- Name: wagtailimages_image_id_seq; Type: SEQUENCE OWNED BY; Schema: public; Owner: -
--

ALTER SEQUENCE wagtailimages_image_id_seq OWNED BY wagtailimages_image.id;


--
-- Name: wagtailimages_rendition; Type: TABLE; Schema: public; Owner: -; Tablespace: 
--

CREATE TABLE wagtailimages_rendition (
    id integer NOT NULL,
    file character varying(100) NOT NULL,
    width integer NOT NULL,
    height integer NOT NULL,
    focal_point_key character varying(255) NOT NULL,
    filter_id integer NOT NULL,
    image_id integer NOT NULL
);


--
-- Name: wagtailimages_rendition_id_seq; Type: SEQUENCE; Schema: public; Owner: -
--

CREATE SEQUENCE wagtailimages_rendition_id_seq
    START WITH 1
    INCREMENT BY 1
    NO MINVALUE
    NO MAXVALUE
    CACHE 1;


--
-- Name: wagtailimages_rendition_id_seq; Type: SEQUENCE OWNED BY; Schema: public; Owner: -
--

ALTER SEQUENCE wagtailimages_rendition_id_seq OWNED BY wagtailimages_rendition.id;


--
-- Name: wagtailredirects_redirect; Type: TABLE; Schema: public; Owner: -; Tablespace: 
--

CREATE TABLE wagtailredirects_redirect (
    id integer NOT NULL,
    old_path character varying(255) NOT NULL,
    is_permanent boolean NOT NULL,
    redirect_link character varying(200) NOT NULL,
    redirect_page_id integer,
    site_id integer
);


--
-- Name: wagtailredirects_redirect_id_seq; Type: SEQUENCE; Schema: public; Owner: -
--

CREATE SEQUENCE wagtailredirects_redirect_id_seq
    START WITH 1
    INCREMENT BY 1
    NO MINVALUE
    NO MAXVALUE
    CACHE 1;


--
-- Name: wagtailredirects_redirect_id_seq; Type: SEQUENCE OWNED BY; Schema: public; Owner: -
--

ALTER SEQUENCE wagtailredirects_redirect_id_seq OWNED BY wagtailredirects_redirect.id;


--
-- Name: wagtailsearch_editorspick; Type: TABLE; Schema: public; Owner: -; Tablespace: 
--

CREATE TABLE wagtailsearch_editorspick (
    id integer NOT NULL,
    sort_order integer,
    description text NOT NULL,
    page_id integer NOT NULL,
    query_id integer NOT NULL
);


--
-- Name: wagtailsearch_editorspick_id_seq; Type: SEQUENCE; Schema: public; Owner: -
--

CREATE SEQUENCE wagtailsearch_editorspick_id_seq
    START WITH 1
    INCREMENT BY 1
    NO MINVALUE
    NO MAXVALUE
    CACHE 1;


--
-- Name: wagtailsearch_editorspick_id_seq; Type: SEQUENCE OWNED BY; Schema: public; Owner: -
--

ALTER SEQUENCE wagtailsearch_editorspick_id_seq OWNED BY wagtailsearch_editorspick.id;


--
-- Name: wagtailsearch_query; Type: TABLE; Schema: public; Owner: -; Tablespace: 
--

CREATE TABLE wagtailsearch_query (
    id integer NOT NULL,
    query_string character varying(255) NOT NULL
);


--
-- Name: wagtailsearch_query_id_seq; Type: SEQUENCE; Schema: public; Owner: -
--

CREATE SEQUENCE wagtailsearch_query_id_seq
    START WITH 1
    INCREMENT BY 1
    NO MINVALUE
    NO MAXVALUE
    CACHE 1;


--
-- Name: wagtailsearch_query_id_seq; Type: SEQUENCE OWNED BY; Schema: public; Owner: -
--

ALTER SEQUENCE wagtailsearch_query_id_seq OWNED BY wagtailsearch_query.id;


--
-- Name: wagtailsearch_querydailyhits; Type: TABLE; Schema: public; Owner: -; Tablespace: 
--

CREATE TABLE wagtailsearch_querydailyhits (
    id integer NOT NULL,
    date date NOT NULL,
    hits integer NOT NULL,
    query_id integer NOT NULL
);


--
-- Name: wagtailsearch_querydailyhits_id_seq; Type: SEQUENCE; Schema: public; Owner: -
--

CREATE SEQUENCE wagtailsearch_querydailyhits_id_seq
    START WITH 1
    INCREMENT BY 1
    NO MINVALUE
    NO MAXVALUE
    CACHE 1;


--
-- Name: wagtailsearch_querydailyhits_id_seq; Type: SEQUENCE OWNED BY; Schema: public; Owner: -
--

ALTER SEQUENCE wagtailsearch_querydailyhits_id_seq OWNED BY wagtailsearch_querydailyhits.id;


--
-- Name: wagtailusers_userprofile; Type: TABLE; Schema: public; Owner: -; Tablespace: 
--

CREATE TABLE wagtailusers_userprofile (
    id integer NOT NULL,
    submitted_notifications boolean NOT NULL,
    approved_notifications boolean NOT NULL,
    rejected_notifications boolean NOT NULL,
    user_id integer NOT NULL
);


--
-- Name: wagtailusers_userprofile_id_seq; Type: SEQUENCE; Schema: public; Owner: -
--

CREATE SEQUENCE wagtailusers_userprofile_id_seq
    START WITH 1
    INCREMENT BY 1
    NO MINVALUE
    NO MAXVALUE
    CACHE 1;


--
-- Name: wagtailusers_userprofile_id_seq; Type: SEQUENCE OWNED BY; Schema: public; Owner: -
--

ALTER SEQUENCE wagtailusers_userprofile_id_seq OWNED BY wagtailusers_userprofile.id;


--
-- Name: id; Type: DEFAULT; Schema: public; Owner: -
--

ALTER TABLE ONLY auth_group ALTER COLUMN id SET DEFAULT nextval('auth_group_id_seq'::regclass);


--
-- Name: id; Type: DEFAULT; Schema: public; Owner: -
--

ALTER TABLE ONLY auth_group_permissions ALTER COLUMN id SET DEFAULT nextval('auth_group_permissions_id_seq'::regclass);


--
-- Name: id; Type: DEFAULT; Schema: public; Owner: -
--

ALTER TABLE ONLY auth_permission ALTER COLUMN id SET DEFAULT nextval('auth_permission_id_seq'::regclass);


--
-- Name: id; Type: DEFAULT; Schema: public; Owner: -
--

ALTER TABLE ONLY customuser_user ALTER COLUMN id SET DEFAULT nextval('customuser_user_id_seq'::regclass);


--
-- Name: id; Type: DEFAULT; Schema: public; Owner: -
--

ALTER TABLE ONLY customuser_user_groups ALTER COLUMN id SET DEFAULT nextval('customuser_user_groups_id_seq'::regclass);


--
-- Name: id; Type: DEFAULT; Schema: public; Owner: -
--

ALTER TABLE ONLY customuser_user_user_permissions ALTER COLUMN id SET DEFAULT nextval('customuser_user_user_permissions_id_seq'::regclass);


--
-- Name: id; Type: DEFAULT; Schema: public; Owner: -
--

ALTER TABLE ONLY django_admin_log ALTER COLUMN id SET DEFAULT nextval('django_admin_log_id_seq'::regclass);


--
-- Name: id; Type: DEFAULT; Schema: public; Owner: -
--

ALTER TABLE ONLY django_content_type ALTER COLUMN id SET DEFAULT nextval('django_content_type_id_seq'::regclass);


--
-- Name: id; Type: DEFAULT; Schema: public; Owner: -
--

ALTER TABLE ONLY django_migrations ALTER COLUMN id SET DEFAULT nextval('django_migrations_id_seq'::regclass);


--
-- Name: id; Type: DEFAULT; Schema: public; Owner: -
--

ALTER TABLE ONLY easy_thumbnails_source ALTER COLUMN id SET DEFAULT nextval('easy_thumbnails_source_id_seq'::regclass);


--
-- Name: id; Type: DEFAULT; Schema: public; Owner: -
--

ALTER TABLE ONLY easy_thumbnails_thumbnail ALTER COLUMN id SET DEFAULT nextval('easy_thumbnails_thumbnail_id_seq'::regclass);


--
-- Name: id; Type: DEFAULT; Schema: public; Owner: -
--

ALTER TABLE ONLY easy_thumbnails_thumbnaildimensions ALTER COLUMN id SET DEFAULT nextval('easy_thumbnails_thumbnaildimensions_id_seq'::regclass);


--
-- Name: id; Type: DEFAULT; Schema: public; Owner: -
--

ALTER TABLE ONLY home_academicprograms ALTER COLUMN id SET DEFAULT nextval('home_academicprograms_id_seq'::regclass);


--
-- Name: id; Type: DEFAULT; Schema: public; Owner: -
--

ALTER TABLE ONLY home_adjunctprofessor ALTER COLUMN id SET DEFAULT nextval('home_adjunctprofessor_id_seq'::regclass);


--
-- Name: id; Type: DEFAULT; Schema: public; Owner: -
--

ALTER TABLE ONLY home_course ALTER COLUMN id SET DEFAULT nextval('home_course_id_seq'::regclass);


--
-- Name: id; Type: DEFAULT; Schema: public; Owner: -
--

ALTER TABLE ONLY home_formfield ALTER COLUMN id SET DEFAULT nextval('home_formfield_id_seq'::regclass);


--
-- Name: id; Type: DEFAULT; Schema: public; Owner: -
--

ALTER TABLE ONLY home_professor ALTER COLUMN id SET DEFAULT nextval('home_professor_id_seq'::regclass);


--
-- Name: id; Type: DEFAULT; Schema: public; Owner: -
--

ALTER TABLE ONLY taggit_tag ALTER COLUMN id SET DEFAULT nextval('taggit_tag_id_seq'::regclass);


--
-- Name: id; Type: DEFAULT; Schema: public; Owner: -
--

ALTER TABLE ONLY taggit_taggeditem ALTER COLUMN id SET DEFAULT nextval('taggit_taggeditem_id_seq'::regclass);


--
-- Name: id; Type: DEFAULT; Schema: public; Owner: -
--

ALTER TABLE ONLY wagtailcore_grouppagepermission ALTER COLUMN id SET DEFAULT nextval('wagtailcore_grouppagepermission_id_seq'::regclass);


--
-- Name: id; Type: DEFAULT; Schema: public; Owner: -
--

ALTER TABLE ONLY wagtailcore_page ALTER COLUMN id SET DEFAULT nextval('wagtailcore_page_id_seq'::regclass);


--
-- Name: id; Type: DEFAULT; Schema: public; Owner: -
--

ALTER TABLE ONLY wagtailcore_pagerevision ALTER COLUMN id SET DEFAULT nextval('wagtailcore_pagerevision_id_seq'::regclass);


--
-- Name: id; Type: DEFAULT; Schema: public; Owner: -
--

ALTER TABLE ONLY wagtailcore_pageviewrestriction ALTER COLUMN id SET DEFAULT nextval('wagtailcore_pageviewrestriction_id_seq'::regclass);


--
-- Name: id; Type: DEFAULT; Schema: public; Owner: -
--

ALTER TABLE ONLY wagtailcore_site ALTER COLUMN id SET DEFAULT nextval('wagtailcore_site_id_seq'::regclass);


--
-- Name: id; Type: DEFAULT; Schema: public; Owner: -
--

ALTER TABLE ONLY wagtaildocs_document ALTER COLUMN id SET DEFAULT nextval('wagtaildocs_document_id_seq'::regclass);


--
-- Name: id; Type: DEFAULT; Schema: public; Owner: -
--

ALTER TABLE ONLY wagtailembeds_embed ALTER COLUMN id SET DEFAULT nextval('wagtailembeds_embed_id_seq'::regclass);


--
-- Name: id; Type: DEFAULT; Schema: public; Owner: -
--

ALTER TABLE ONLY wagtailforms_formsubmission ALTER COLUMN id SET DEFAULT nextval('wagtailforms_formsubmission_id_seq'::regclass);


--
-- Name: id; Type: DEFAULT; Schema: public; Owner: -
--

ALTER TABLE ONLY wagtailimages_filter ALTER COLUMN id SET DEFAULT nextval('wagtailimages_filter_id_seq'::regclass);


--
-- Name: id; Type: DEFAULT; Schema: public; Owner: -
--

ALTER TABLE ONLY wagtailimages_image ALTER COLUMN id SET DEFAULT nextval('wagtailimages_image_id_seq'::regclass);


--
-- Name: id; Type: DEFAULT; Schema: public; Owner: -
--

ALTER TABLE ONLY wagtailimages_rendition ALTER COLUMN id SET DEFAULT nextval('wagtailimages_rendition_id_seq'::regclass);


--
-- Name: id; Type: DEFAULT; Schema: public; Owner: -
--

ALTER TABLE ONLY wagtailredirects_redirect ALTER COLUMN id SET DEFAULT nextval('wagtailredirects_redirect_id_seq'::regclass);


--
-- Name: id; Type: DEFAULT; Schema: public; Owner: -
--

ALTER TABLE ONLY wagtailsearch_editorspick ALTER COLUMN id SET DEFAULT nextval('wagtailsearch_editorspick_id_seq'::regclass);


--
-- Name: id; Type: DEFAULT; Schema: public; Owner: -
--

ALTER TABLE ONLY wagtailsearch_query ALTER COLUMN id SET DEFAULT nextval('wagtailsearch_query_id_seq'::regclass);


--
-- Name: id; Type: DEFAULT; Schema: public; Owner: -
--

ALTER TABLE ONLY wagtailsearch_querydailyhits ALTER COLUMN id SET DEFAULT nextval('wagtailsearch_querydailyhits_id_seq'::regclass);


--
-- Name: id; Type: DEFAULT; Schema: public; Owner: -
--

ALTER TABLE ONLY wagtailusers_userprofile ALTER COLUMN id SET DEFAULT nextval('wagtailusers_userprofile_id_seq'::regclass);


--
-- Data for Name: auth_group; Type: TABLE DATA; Schema: public; Owner: -
--

COPY auth_group (id, name) FROM stdin;
1	Moderators
2	Editors
\.


--
-- Name: auth_group_id_seq; Type: SEQUENCE SET; Schema: public; Owner: -
--

SELECT pg_catalog.setval('auth_group_id_seq', 2, true);


--
-- Data for Name: auth_group_permissions; Type: TABLE DATA; Schema: public; Owner: -
--

COPY auth_group_permissions (id, group_id, permission_id) FROM stdin;
1	1	1
2	1	2
3	1	3
4	2	1
5	2	2
6	2	3
7	1	4
8	2	4
9	1	5
10	1	6
11	1	7
12	2	5
13	2	6
14	2	7
\.


--
-- Name: auth_group_permissions_id_seq; Type: SEQUENCE SET; Schema: public; Owner: -
--

SELECT pg_catalog.setval('auth_group_permissions_id_seq', 14, true);


--
-- Data for Name: auth_permission; Type: TABLE DATA; Schema: public; Owner: -
--

COPY auth_permission (id, name, content_type_id, codename) FROM stdin;
1	Can add image	2	add_image
2	Can change image	2	change_image
3	Can delete image	2	delete_image
4	Can access Wagtail admin	4	access_admin
5	Can add document	5	add_document
6	Can change document	5	change_document
7	Can delete document	5	delete_document
8	Can add log entry	6	add_logentry
9	Can change log entry	6	change_logentry
10	Can delete log entry	6	delete_logentry
11	Can add permission	7	add_permission
12	Can change permission	7	change_permission
13	Can delete permission	7	delete_permission
14	Can add group	8	add_group
15	Can change group	8	change_group
16	Can delete group	8	delete_group
17	Can add content type	9	add_contenttype
18	Can change content type	9	change_contenttype
19	Can delete content type	9	delete_contenttype
20	Can add session	10	add_session
21	Can change session	10	change_session
22	Can delete session	10	delete_session
23	Can add Tag	11	add_tag
24	Can change Tag	11	change_tag
25	Can delete Tag	11	delete_tag
26	Can add Tagged Item	12	add_taggeditem
27	Can change Tagged Item	12	change_taggeditem
28	Can delete Tagged Item	12	delete_taggeditem
29	Can add course	13	add_course
30	Can change course	13	change_course
31	Can delete course	13	delete_course
32	Can add professor	14	add_professor
33	Can change professor	14	change_professor
34	Can delete professor	14	delete_professor
35	Can add adjunct professor	15	add_adjunctprofessor
36	Can change adjunct professor	15	change_adjunctprofessor
37	Can delete adjunct professor	15	delete_adjunctprofessor
38	Can add academic programs	16	add_academicprograms
39	Can change academic programs	16	change_academicprograms
40	Can delete academic programs	16	delete_academicprograms
41	Can add home page	3	add_homepage
42	Can change home page	3	change_homepage
43	Can delete home page	3	delete_homepage
44	Can add about page	17	add_aboutpage
45	Can change about page	17	change_aboutpage
46	Can delete about page	17	delete_aboutpage
47	Can add president page	18	add_presidentpage
48	Can change president page	18	change_presidentpage
49	Can delete president page	18	delete_presidentpage
50	Can add chairman page	19	add_chairmanpage
51	Can change chairman page	19	change_chairmanpage
52	Can delete chairman page	19	delete_chairmanpage
53	Can add mission page	20	add_missionpage
54	Can change mission page	20	change_missionpage
55	Can delete mission page	20	delete_missionpage
56	Can add faith page	21	add_faithpage
57	Can change faith page	21	change_faithpage
58	Can delete faith page	21	delete_faithpage
59	Can add staff page	22	add_staffpage
60	Can change staff page	22	change_staffpage
61	Can delete staff page	22	delete_staffpage
62	Can add academic page	23	add_academicpage
63	Can change academic page	23	change_academicpage
64	Can delete academic page	23	delete_academicpage
65	Can add academic program page	24	add_academicprogrampage
66	Can change academic program page	24	change_academicprogrampage
67	Can delete academic program page	24	delete_academicprogrampage
68	Can add admission page	25	add_admissionpage
69	Can change admission page	25	change_admissionpage
70	Can delete admission page	25	delete_admissionpage
71	Can add form field	26	add_formfield
72	Can change form field	26	change_formfield
73	Can delete form field	26	delete_formfield
74	Can add contact page	27	add_contactpage
75	Can change contact page	27	change_contactpage
76	Can delete contact page	27	delete_contactpage
77	Can add faculty page	28	add_facultypage
78	Can change faculty page	28	change_facultypage
79	Can delete faculty page	28	delete_facultypage
80	Can add Site	29	add_site
81	Can change Site	29	change_site
82	Can delete Site	29	delete_site
83	Can add page	1	add_page
84	Can change page	1	change_page
85	Can delete page	1	delete_page
86	Can add Page Revision	30	add_pagerevision
87	Can change Page Revision	30	change_pagerevision
88	Can delete Page Revision	30	delete_pagerevision
89	Can add Group Page Permission	31	add_grouppagepermission
90	Can change Group Page Permission	31	change_grouppagepermission
91	Can delete Group Page Permission	31	delete_grouppagepermission
92	Can add Page View Restriction	32	add_pageviewrestriction
93	Can change Page View Restriction	32	change_pageviewrestriction
94	Can delete Page View Restriction	32	delete_pageviewrestriction
95	Can add query	33	add_query
96	Can change query	33	change_query
97	Can delete query	33	delete_query
98	Can add Query Daily Hits	34	add_querydailyhits
99	Can change Query Daily Hits	34	change_querydailyhits
100	Can delete Query Daily Hits	34	delete_querydailyhits
101	Can add Editor's Pick	35	add_editorspick
102	Can change Editor's Pick	35	change_editorspick
103	Can delete Editor's Pick	35	delete_editorspick
104	Can add filter	36	add_filter
105	Can change filter	36	change_filter
106	Can delete filter	36	delete_filter
107	Can add rendition	37	add_rendition
108	Can change rendition	37	change_rendition
109	Can delete rendition	37	delete_rendition
110	Can add User Profile	38	add_userprofile
111	Can change User Profile	38	change_userprofile
112	Can delete User Profile	38	delete_userprofile
113	Can add Embed	39	add_embed
114	Can change Embed	39	change_embed
115	Can delete Embed	39	delete_embed
116	Can add Redirect	40	add_redirect
117	Can change Redirect	40	change_redirect
118	Can delete Redirect	40	delete_redirect
119	Can add Form Submission	41	add_formsubmission
120	Can change Form Submission	41	change_formsubmission
121	Can delete Form Submission	41	delete_formsubmission
122	Can add source	42	add_source
123	Can change source	42	change_source
124	Can delete source	42	delete_source
125	Can add thumbnail	43	add_thumbnail
126	Can change thumbnail	43	change_thumbnail
127	Can delete thumbnail	43	delete_thumbnail
128	Can add thumbnail dimensions	44	add_thumbnaildimensions
129	Can change thumbnail dimensions	44	change_thumbnaildimensions
130	Can delete thumbnail dimensions	44	delete_thumbnaildimensions
131	Can add profile	45	add_profile
132	Can change profile	45	change_profile
133	Can delete profile	45	delete_profile
134	Can add user	46	add_user
135	Can change user	46	change_user
136	Can delete user	46	delete_user
\.


--
-- Name: auth_permission_id_seq; Type: SEQUENCE SET; Schema: public; Owner: -
--

SELECT pg_catalog.setval('auth_permission_id_seq', 136, true);


--
-- Data for Name: customuser_user; Type: TABLE DATA; Schema: public; Owner: -
--

COPY customuser_user (id, password, last_login, is_superuser, email, is_staff, is_active, date_joined, last_name, first_name) FROM stdin;
1	pbkdf2_sha256$20000$luSWC5bi3pMR$CT2rupYonNZn7N81Xk+i8NB2oGzBdblpr7GCkZW+CS0=	2015-08-11 10:14:14.629032-07	t	taedori@outlook.com	t	t	2015-08-10 19:49:39.078792-07		
\.


--
-- Data for Name: customuser_user_groups; Type: TABLE DATA; Schema: public; Owner: -
--

COPY customuser_user_groups (id, user_id, group_id) FROM stdin;
\.


--
-- Name: customuser_user_groups_id_seq; Type: SEQUENCE SET; Schema: public; Owner: -
--

SELECT pg_catalog.setval('customuser_user_groups_id_seq', 1, false);


--
-- Name: customuser_user_id_seq; Type: SEQUENCE SET; Schema: public; Owner: -
--

SELECT pg_catalog.setval('customuser_user_id_seq', 1, true);


--
-- Data for Name: customuser_user_user_permissions; Type: TABLE DATA; Schema: public; Owner: -
--

COPY customuser_user_user_permissions (id, user_id, permission_id) FROM stdin;
\.


--
-- Name: customuser_user_user_permissions_id_seq; Type: SEQUENCE SET; Schema: public; Owner: -
--

SELECT pg_catalog.setval('customuser_user_user_permissions_id_seq', 1, false);


--
-- Data for Name: django_admin_log; Type: TABLE DATA; Schema: public; Owner: -
--

COPY django_admin_log (id, action_time, object_id, object_repr, action_flag, change_message, content_type_id, user_id) FROM stdin;
\.


--
-- Name: django_admin_log_id_seq; Type: SEQUENCE SET; Schema: public; Owner: -
--

SELECT pg_catalog.setval('django_admin_log_id_seq', 1, false);


--
-- Data for Name: django_content_type; Type: TABLE DATA; Schema: public; Owner: -
--

COPY django_content_type (id, app_label, model) FROM stdin;
1	wagtailcore	page
2	wagtailimages	image
3	home	homepage
4	wagtailadmin	admin
5	wagtaildocs	document
6	admin	logentry
7	auth	permission
8	auth	group
9	contenttypes	contenttype
10	sessions	session
11	taggit	tag
12	taggit	taggeditem
13	home	course
14	home	professor
15	home	adjunctprofessor
16	home	academicprograms
17	home	aboutpage
18	home	presidentpage
19	home	chairmanpage
20	home	missionpage
21	home	faithpage
22	home	staffpage
23	home	academicpage
24	home	academicprogrampage
25	home	admissionpage
26	home	formfield
27	home	contactpage
28	home	facultypage
29	wagtailcore	site
30	wagtailcore	pagerevision
31	wagtailcore	grouppagepermission
32	wagtailcore	pageviewrestriction
33	wagtailsearch	query
34	wagtailsearch	querydailyhits
35	wagtailsearch	editorspick
36	wagtailimages	filter
37	wagtailimages	rendition
38	wagtailusers	userprofile
39	wagtailembeds	embed
40	wagtailredirects	redirect
41	wagtailforms	formsubmission
42	easy_thumbnails	source
43	easy_thumbnails	thumbnail
44	easy_thumbnails	thumbnaildimensions
45	profiles	profile
46	customuser	user
\.


--
-- Name: django_content_type_id_seq; Type: SEQUENCE SET; Schema: public; Owner: -
--

SELECT pg_catalog.setval('django_content_type_id_seq', 46, true);


--
-- Data for Name: django_migrations; Type: TABLE DATA; Schema: public; Owner: -
--

COPY django_migrations (id, app, name, applied) FROM stdin;
1	contenttypes	0001_initial	2015-08-10 19:48:23.738797-07
2	contenttypes	0002_remove_content_type_name	2015-08-10 19:48:23.764318-07
3	auth	0001_initial	2015-08-10 19:48:23.868094-07
4	auth	0002_alter_permission_name_max_length	2015-08-10 19:48:23.88786-07
5	auth	0003_alter_user_email_max_length	2015-08-10 19:48:23.910115-07
6	auth	0004_alter_user_username_opts	2015-08-10 19:48:23.932762-07
7	auth	0005_alter_user_last_login_null	2015-08-10 19:48:23.953274-07
8	auth	0006_require_contenttypes_0002	2015-08-10 19:48:23.958652-07
9	customuser	0001_initial	2015-08-10 19:48:24.072718-07
10	admin	0001_initial	2015-08-10 19:48:24.137522-07
11	easy_thumbnails	0001_initial	2015-08-10 19:48:24.293928-07
12	easy_thumbnails	0002_thumbnaildimensions	2015-08-10 19:48:24.340768-07
13	taggit	0001_initial	2015-08-10 19:48:24.446637-07
14	wagtailimages	0001_initial	2015-08-10 19:48:24.621587-07
15	wagtailcore	0001_initial	2015-08-10 19:48:25.357307-07
16	wagtailcore	0002_initial_data	2015-08-10 19:48:25.362919-07
17	wagtailcore	0003_add_uniqueness_constraint_on_group_page_permission	2015-08-10 19:48:25.368311-07
18	wagtailcore	0004_page_locked	2015-08-10 19:48:25.373651-07
19	wagtailcore	0005_add_page_lock_permission_to_moderators	2015-08-10 19:48:25.379374-07
20	wagtailcore	0006_add_lock_page_permission	2015-08-10 19:48:25.388325-07
21	wagtailcore	0007_page_latest_revision_created_at	2015-08-10 19:48:25.393302-07
22	wagtailcore	0008_populate_latest_revision_created_at	2015-08-10 19:48:25.398758-07
23	wagtailcore	0009_remove_auto_now_add_from_pagerevision_created_at	2015-08-10 19:48:25.404206-07
24	wagtailcore	0010_change_page_owner_to_null_on_delete	2015-08-10 19:48:25.409541-07
25	wagtailcore	0011_page_first_published_at	2015-08-10 19:48:25.414891-07
26	wagtailcore	0012_extend_page_slug_field	2015-08-10 19:48:25.420485-07
27	wagtailcore	0013_update_golive_expire_help_text	2015-08-10 19:48:25.432307-07
28	wagtailcore	0014_add_verbose_name	2015-08-10 19:48:25.437996-07
29	wagtailcore	0015_add_more_verbose_names	2015-08-10 19:48:25.443476-07
30	wagtailcore	0016_change_page_url_path_to_text_field	2015-08-10 19:48:25.448592-07
31	wagtailimages	0002_initial_data	2015-08-10 19:48:25.49375-07
32	wagtailimages	0003_fix_focal_point_fields	2015-08-10 19:48:25.634864-07
33	wagtailimages	0004_make_focal_point_key_not_nullable	2015-08-10 19:48:25.693849-07
34	wagtailimages	0005_make_filter_spec_unique	2015-08-10 19:48:25.758467-07
35	wagtailimages	0006_add_verbose_names	2015-08-10 19:48:25.943464-07
36	home	0001_initial	2015-08-10 19:48:26.008292-07
37	home	0002_create_homepage	2015-08-10 19:48:26.051952-07
38	home	0003_auto_20150810_1948	2015-08-10 19:48:27.992108-07
39	profiles	0001_initial	2015-08-10 19:48:28.086119-07
40	sessions	0001_initial	2015-08-10 19:48:28.153955-07
41	wagtailadmin	0001_create_admin_access_permissions	2015-08-10 19:48:28.18473-07
42	wagtaildocs	0001_initial	2015-08-10 19:48:28.29807-07
43	wagtaildocs	0002_initial_data	2015-08-10 19:48:28.34336-07
44	wagtaildocs	0003_add_verbose_names	2015-08-10 19:48:28.592747-07
45	wagtailembeds	0001_initial	2015-08-10 19:48:28.650006-07
46	wagtailembeds	0002_add_verbose_names	2015-08-10 19:48:28.673632-07
47	wagtailforms	0001_initial	2015-08-10 19:48:28.789559-07
48	wagtailforms	0002_add_verbose_names	2015-08-10 19:48:28.947761-07
49	wagtailredirects	0001_initial	2015-08-10 19:48:29.255066-07
50	wagtailredirects	0002_add_verbose_names	2015-08-10 19:48:29.455324-07
51	wagtailsearch	0001_initial	2015-08-10 19:48:29.779364-07
52	wagtailsearch	0002_add_verbose_names	2015-08-10 19:48:30.139083-07
53	wagtailusers	0001_initial	2015-08-10 19:48:30.259871-07
54	wagtailusers	0002_add_verbose_name_on_userprofile	2015-08-10 19:48:30.514165-07
55	wagtailusers	0003_add_verbose_names	2015-08-10 19:48:30.607201-07
56	wagtailcore	0001_squashed_0016_change_page_url_path_to_text_field	2015-08-10 19:48:30.615771-07
\.


--
-- Name: django_migrations_id_seq; Type: SEQUENCE SET; Schema: public; Owner: -
--

SELECT pg_catalog.setval('django_migrations_id_seq', 56, true);


--
-- Data for Name: django_session; Type: TABLE DATA; Schema: public; Owner: -
--

COPY django_session (session_key, session_data, expire_date) FROM stdin;
9lszwua5921xuc0u0dagzy3j8lucbril	M2MyMmQ0MjAyZjUwYjZjYzQxYzU0YzI3ZWZiZTdlZGM1MTg2ODU5Mzp7Il9hdXRoX3VzZXJfaWQiOiIxIiwiX2F1dGhfdXNlcl9oYXNoIjoiZjBlNWRiMTI2MTFjOWU1MWEzODBjODYzNjAyY2NjYjI3NTUwZGNhYSIsIl9hdXRoX3VzZXJfYmFja2VuZCI6ImRqYW5nby5jb250cmliLmF1dGguYmFja2VuZHMuTW9kZWxCYWNrZW5kIn0=	2015-08-24 19:49:45.918854-07
p5lpyjyghoag1owx1lffjoo1cx9ntwkk	NDU2YzJlZGE0MmVmZmM1MmE0MjIwYWM2ZDY4YWNkOTdkZDJhZjkwZTp7Il9hdXRoX3VzZXJfaGFzaCI6ImYwZTVkYjEyNjExYzllNTFhMzgwYzg2MzYwMmNjY2IyNzU1MGRjYWEiLCJfYXV0aF91c2VyX2lkIjoiMSIsIl9hdXRoX3VzZXJfYmFja2VuZCI6ImRqYW5nby5jb250cmliLmF1dGguYmFja2VuZHMuTW9kZWxCYWNrZW5kIn0=	2015-08-25 10:06:07.600733-07
0dr8ul7893lo791oohv2gmf8v3exlbsp	NDU2YzJlZGE0MmVmZmM1MmE0MjIwYWM2ZDY4YWNkOTdkZDJhZjkwZTp7Il9hdXRoX3VzZXJfaGFzaCI6ImYwZTVkYjEyNjExYzllNTFhMzgwYzg2MzYwMmNjY2IyNzU1MGRjYWEiLCJfYXV0aF91c2VyX2lkIjoiMSIsIl9hdXRoX3VzZXJfYmFja2VuZCI6ImRqYW5nby5jb250cmliLmF1dGguYmFja2VuZHMuTW9kZWxCYWNrZW5kIn0=	2015-08-25 10:06:51.235056-07
vzog8p7cdr8bhyzktvysafpbjxv3nwky	NDU2YzJlZGE0MmVmZmM1MmE0MjIwYWM2ZDY4YWNkOTdkZDJhZjkwZTp7Il9hdXRoX3VzZXJfaGFzaCI6ImYwZTVkYjEyNjExYzllNTFhMzgwYzg2MzYwMmNjY2IyNzU1MGRjYWEiLCJfYXV0aF91c2VyX2lkIjoiMSIsIl9hdXRoX3VzZXJfYmFja2VuZCI6ImRqYW5nby5jb250cmliLmF1dGguYmFja2VuZHMuTW9kZWxCYWNrZW5kIn0=	2015-08-25 10:14:14.638785-07
\.


--
-- Data for Name: easy_thumbnails_source; Type: TABLE DATA; Schema: public; Owner: -
--

COPY easy_thumbnails_source (id, storage_hash, name, modified) FROM stdin;
\.


--
-- Name: easy_thumbnails_source_id_seq; Type: SEQUENCE SET; Schema: public; Owner: -
--

SELECT pg_catalog.setval('easy_thumbnails_source_id_seq', 1, false);


--
-- Data for Name: easy_thumbnails_thumbnail; Type: TABLE DATA; Schema: public; Owner: -
--

COPY easy_thumbnails_thumbnail (id, storage_hash, name, modified, source_id) FROM stdin;
\.


--
-- Name: easy_thumbnails_thumbnail_id_seq; Type: SEQUENCE SET; Schema: public; Owner: -
--

SELECT pg_catalog.setval('easy_thumbnails_thumbnail_id_seq', 1, false);


--
-- Data for Name: easy_thumbnails_thumbnaildimensions; Type: TABLE DATA; Schema: public; Owner: -
--

COPY easy_thumbnails_thumbnaildimensions (id, thumbnail_id, width, height) FROM stdin;
\.


--
-- Name: easy_thumbnails_thumbnaildimensions_id_seq; Type: SEQUENCE SET; Schema: public; Owner: -
--

SELECT pg_catalog.setval('easy_thumbnails_thumbnaildimensions_id_seq', 1, false);


--
-- Data for Name: home_aboutpage; Type: TABLE DATA; Schema: public; Owner: -
--

COPY home_aboutpage (page_ptr_id, subsection_title, subsection_subtitle, body, main_image_id) FROM stdin;
4	About	About William Tyndale and YALA Mission	<p><strong>William Tyndale</strong>(/tndl/;[1]sometimes spelledTynsdale,Tindall,Tindill,Tyndall; c. 14941536) was an English scholar who became a leading figure in Protestant reform in the years leading up to his execution. He is well known for his translation of theBibleintoEnglish. He was influenced by the work ofDesiderius Erasmus, who made theGreekNew Testamentavailable in Europe, and byMartin Luther.[2]While anumber of partial translationshad been made from the seventh century onward, the spread ofWycliffe's Bibleresulted in a death sentence for any unlicensed possession of Scripture in Englisheven though translations in all other major European languages had been accomplished and made available.[3][4]Tyndale's translation was the first English Bible to draw directly fromHebrewandGreektexts, the first English one to take advantage of theprinting press, and first of the new English Bibles of the Reformation. It was taken to be a direct challenge to the hegemony of both the Roman Catholic Church and the laws ofEnglandto maintain the church's position. In 1530, Tyndale also wroteThe Practyse of Prelates, opposingHenry VIII's divorce fromCatherine of Aragonon the grounds that it contravened Scripture.Reuchlin's Hebrew grammar was published in 1506. Tyndale worked in an age in which Greek was available to the European scholarly community for the first time in centuries. Erasmus compiled and edited Greek Scriptures into theTextus Receptusironically, to improve upon the LatinVulgatefollowing theRenaissance-fuelingFall of Constantinoplein 1453 and the dispersion of Greek-speaking intellectuals and texts into a Europe which previously had access to none. When a copy ofThe Obedience of a Christian Manfell into the hands ofHenry VIII, the king found the rationale tobreak the Church in England from the Roman Catholic Churchin 1534.[5][6][pageneeded]In 1535, Tyndale was arrested and jailed in the castle ofVilvoorde(Filford) outsideBrusselsfor over a year. In 1536 he was convicted ofheresyand executed by strangulation, after which his body was burnt at the stake. His dying prayer that the King of England's eyes would be opened seemed to find its fulfillment just two years later with Henry's authorization ofThe Great Biblefor the Church of Englandwhich was largely Tyndale's own work. Hence, theTyndale Bible, as it was known, continued to play a key role in spreadingReformationideas across the English-speaking world and, eventually, to theBritish Empire.In 1611, the 54 scholars who produced theKing James Bibledrew significantly from Tyndale, as well as from translations that descended from his. One estimate suggests theNew Testamentin the King James Version is 83% Tyndale's and theOld Testament76%.[7]With his translation of the Bible the first to be printed in English, and a model for subsequent English translations, in 2002, Tyndale was placed at number 26 in the BBC's poll of the100 Greatest Britons.[8][9]<br/><br/>-from Wikipedia<br/></p>	1
\.


--
-- Data for Name: home_academicpage; Type: TABLE DATA; Schema: public; Owner: -
--

COPY home_academicpage (page_ptr_id, subsection_title, subsection_subtitle, body, main_image_id) FROM stdin;
10	Academics	Academic information	<p>Student Records<br/><br/> The Family Educational Rights and Privacy Act of 1974 as amended govern the release of information from the students permanent record. Federal law provides for the release of information to Tyndale International University personnel who have a legitimate educational interest or to certain government officials.<br/>The student's academic file is the sole property of Tyndale International University, and student records are confidential. The University policy is to maintain the confidentiality of student academic records. The University will not release copies of documents of course work from other institutions attended. No one outside of the institution shall have access to, nor will the University disclose, any information from a student's academic records without the written consent of the student, except for the following: officials of other istitutions in which the student seeks to enroll, persons or organizations providing student financial aid, and accrediting agencies. Furthermore, the University may disclose said information in compliance with a judicial order.<br/><br/>Student files will be kept for 5 years and transcripts will be kept indefinitely.<br/><br/> Students have the right to inspect their own academic records during normal business hours. All requests for access to academic records shall be presented in writing to the Registrar's office. Students who believe that their academic records contain inaccurate or misleading information may discuss their concerns informally with the Registrar as well.<br/></p>	11
\.


--
-- Data for Name: home_academicprogrampage; Type: TABLE DATA; Schema: public; Owner: -
--

COPY home_academicprogrampage (page_ptr_id, subsection_title, subsection_subtitle) FROM stdin;
11	Academics Programs	Academics Programs
\.


--
-- Data for Name: home_academicprograms; Type: TABLE DATA; Schema: public; Owner: -
--

COPY home_academicprograms (id, program_name, program_description) FROM stdin;
1	Certificate of Ministry	<p><b>Certificate Requirements/Time Limit</b></p><p> 1. Successfully complete 36 semester units of the following coursework with a cumulative minimum Grade Point Average of 2.0 on a 4.0 scale:</p><p>  1) Complete 24 semester units of common core courses</p><p>  2) Complete 12 semester units of unrestricted electives</p><p> 2. Complete all financial requirements</p><p> 3. File an application for intent to be certified with the university office 8 weeks prior to graduation to certify that all certificate requirements have been met.</p><p> 4. Complete certificate requirements within the time limit.</p><p> 5. Certificate of Ministry program must be completed within 2 years from the time the student commenced the first course, as a student, which applies to the requirements.</p><p><br/></p><p><b>Unrestricted Electives</b></p><p>12 semester units</p><p></p><p>Certificate of Ministry student will choose a minimum of 12 semester units of Unrestricted Electives</p>
2	Certificate of Missiology	<p><b>Certificate\nRequirements/Time Limit</b></p><p><b><br/></b></p>\n<p>1.\nSuccessfully complete 36 semester units of the following coursework\nwith a cumulative minimum Grade</p>\n<p>Point\nAverage of 2.0 on a 4.0 scale:</p>\n<p>1)\nComplete 24 semester units of common core courses</p>\n<p>2)\nComplete 12 semester units of unrestricted electives</p>\n<p>2.\nComplete all financial requirements</p>\n<p>3.\nFile an application for intent to be certified with the university\noffice 8 weeks prior to graduation to certify that all certificate\nrequirements have been met.</p>\n<p>4.\nComplete certificate requirements within the time limit.</p>\n<p>5.\nCertificate of Ministry program must be completed within 2 years from\nthe time the student commenced the first course, as a student, which\napplies to the requirements.</p><p><br/></p>\n<p><b>Unrestricted\nElectives</b></p><p><b><br/></b></p>\n<p>12\nsemester units</p>\n<p>Certificate\nof Ministry student will choose a minimum of 12 semester units of\nUnrestricted Electives\n</p>
3	Bachelor of Arts in Theology (B.A.Th.)	<p><b>Degree\nRequirements/Time Limit</b></p><p><br/></p>\n<p>6.\nSuccessfully complete 126 semester units of the following coursework\nwith a cumulative minimum Grade Point Average of 2.0 on a 4.0 scale:</p>\n<p>1)\nComplete 36 semester units of general education</p>\n<p>2)\nComplete 60 semester units of common core courses</p>\n<p>3)\nComplete 30 semester units of unrestricted electives</p>\n<p>7.\nComplete all financial requirements</p>\n<p>8.\nFile an application for intent to graduate with the university office\n8 weeks prior to graduation to certify that all graduation\nrequirements have been met.</p>\n<p>9.\nComplete the degree requirements within the time limit.</p>\n<p>10.\nThe B.A. in Theology program must be completed within 8 years from\nthe time the student commenced the first course, as a regular\nstudent, which applies to the degree requirements.</p><p><br/></p><p><b>General\nEducation Courses (GE)</b></p><p>36\nsemester units</p><p>The\nBachelor of Arts in Theology degree student will choose a minimum of\n36 semester units of General Education Courses (GE) \n</p><p>Common\nCore Courses</p><p>60\nsemester units</p><p>The\nBachelor of Arts in Theology degree student will choose a minimum of\n60 semester units of Common Core Courses</p><p><br/>\n</p><p>Biblical\nStudies</p><p>Biblical\nLanguages</p><p>Christian\nCounseling</p><p>Christian\nEducation</p><p>Christian\nEthics</p><p>Church\nHistory</p><p>Church\nMusic</p><p>Church\nMinistry</p><p>Mission</p><p><br/>\n</p><p><b>Unrestricted\nElectives</b></p><p><b><br/></b></p><p>30\nsemester units</p><p>The\nBachelor of Arts in Theology degree student will choose a minimum of\n30 semester units of Unrestricted Electives from any of the following\ncourses:</p><p>Biblical\nStudies</p><p>Christian\nCounseling</p><p>Christian\nEducation</p><p>Church\nHistory</p><p>Church\nMinistry</p><p>Church\nMusic</p><p>Mission</p><p>Systematic\nTheology</p><p>\n\t\n\t\n\t\n\n\n\n\n\n\n\n\n\n\n\n\n\n\n\n\n\n\n\n\n\n\n\n\n\n\n\n\n\n\n</p><p>Theological\nStudies</p>
4	Bachelor of Arts in Christian Education (B.A.C.E.)	<p><b>Degree\nRequirements/Time Limit</b></p><p><b><br/></b></p>\n<p>1.\nSuccessfully complete 126 semester units of the following coursework\nlaying emphasis on Christian education with a cumulative minimum\nGrade Point Average of 2.0 on a 4.0 scale:</p>\n<p>1)\nComplete 36 semester units of general education</p>\n<p>2)\nComplete 60 semester units of common core courses laying emphasis on\nChristian education.</p>\n<p>3)\nComplete 30 semester units of unrestricted electives laying emphasis\non Christian education.</p>\n<p>2.\nComplete all financial requirements</p>\n<p>3.\nFile an application for intent to graduate with the university office\n8 weeks prior to graduation to certify that all graduation\nrequirements have been met.</p>\n<p>4.\nComplete the degree requirements within the time limit.</p>\n<p>5.\nThe Bachelor of Arts in Christian Education program must be completed\nwithin 8 years from the time the student commenced the first course,\nas a regular student, which applies to the degree requirements.</p>\n<p><br/>\n</p>\n<p><b>General\nEducation Courses (GE)</b></p>\n<p>36\nsemester units</p>\n<p>General\nEducation Courses (GE) are common core courses for all undergraduate\nstudents of The Bachelor of Arts in Theology, Christian Education and\nMissiology programs.</p>\n<p>The\nBachelor of Arts in Christian Education degree laying emphasis on\nChristian Education student will choose a minimum of 36 semester\nunits of General Education Courses (GE)</p>\n<p><br/>\n</p>\n<p><b>Common\nCore Courses</b></p>\n<p>60\nsemester units</p>\n<p>The\nBachelor of Arts in Christian Education degree laying emphasis on\nChristian educationstudent will choose a minimum of 60 semester units\nof Common Core Courses</p>\n<p>Biblical\nStudies</p><p>Biblical\nLanguages</p><p>Christian\nCounseling</p><p>Christian\nEducation</p><p>Christian\nEthics</p><p>Church\nHistory</p><p>Church\nMusic</p><p>Church\nMinistry</p><p>Mission</p><p><br/>\n</p><p><b>Unrestricted\nElectives</b></p><p>30\nsemester units</p><p>The\nBachelor of Arts in Christian Education degreelaying emphasis on\nChristian Education student will choose a minimum of 30 semester\nunits of Unrestricted Electives</p><p>Biblical\nStudies</p><p>Biblical\nLanguages</p><p>Christian\nCounseling</p><p>Christian\nEducation</p><p>Church\nHistory</p><p>Church\nMinistry</p><p>Church\nMusic</p><p>Mission</p><p>Systematic\nTheology</p><p>\n\t\n\t\n\t\n\n\n\n\n\n\n\n\n\n\n\n\n\n\n\n\n\n\n\n\n\n\n\n</p><p>Theological\nStudies</p>
5	Bachelor of Arts in Missiology (B.A.Miss.)	<p><b>Degree\nRequirements/Time Limit</b></p><p><b><br/></b></p>\n<p>1.\nSuccessfully complete 126 semester units of the following coursework\nlaying emphasis on missiology with a cumulative minimum Grade Point\nAverage of 2.0 on a 4.0 scale:</p>\n<p>1)\nComplete 36 semester units of general education</p>\n<p>2)\nComplete 60 semester units of common core courses laying emphasis on\nmissiology</p>\n<p>3)\nComplete 30 semester units of unrestricted electives laying emphasis\non missiology</p>\n<p>2.\nComplete all financial requirements</p>\n<p>3.\nFile an application for intent to graduate with the university office\n8 weeks prior to graduation to certify that all graduation\nrequirements have been met.</p>\n<p>4.\nComplete the degree requirements within the time limit.</p>\n<p>5.\nThe Bachelor of Arts in Missiology program must be completed within 8\nyears from the time the student commenced the first course, as a\nregular student, which applies to the degree requirements.</p>\n<p>General\nEducation Courses (GE)</p>\n<p>36\nsemester units</p>\n<p>General\nEducation Courses (GE) are common core courses for all undergraduate\nstudents of The Bachelor of Arts in Theology, Christian Education and\nMissiology programs.</p>\n<p>The\nBachelor of Arts in Missiology degree laying emphasis on missiology\nstudent will choose a minimum of 36 semester units of General\nEducation Courses (GE) from any of the following courses:</p>\n<p><br/>\n</p>\n<p><b>Common\nCore Courses</b></p>\n<p>60\nsemester units</p>\n<p>The\nBachelor of Arts in Missiology degree laying emphasis on missiology\nstudent will choose a minimum of 60 semester units of Common Core\nCourses</p>\n<p>Biblical\nStudies</p>\n<p>Biblical\nLanguages</p>\n<p>Christian\nCounseling</p>\n<p>Christian\nEducation</p>\n<p>Christian\nEthics</p>\n<p>Church\nHistory</p>\n<p>Church\nMusic</p>\n<p>Church\nMinistry</p>\n<p>Mission</p><p><br/></p><p>\n\t\n\t\n\t\n\n\n</p><p><b>Unrestricted\nElectives</b></p><p>30\nsemester units</p><p>The\nBachelor of Arts in Missiology degree laying emphasis on missiology\nstudent will choose a minimum of 30 semester units of Unrestricted\nElectives</p><p>Biblical\nStudies</p><p>Biblical\nLanguages</p><p>Christian\nCounseling</p><p>Christian\nEducation</p><p>Church\nHistory</p><p>Church\nMinistry</p><p>Church\nMusic</p><p>Systematic\nTheology</p><p>\n\t\n\t\n\t\n\n\n\n\n\n\n\n\n\n\n\n\n</p><p>Theological\nStudies</p>
6	Master of Arts in Religion (M.A.R.)	<p><b>Christian\nEducation / Biblical/ Historical/</b></p>\n<p><b>Missiological/\nTheological Studies</b></p><p><br/></p>\n<p><b>Degree\nRequirements/Time Limit</b></p>\n<p>1.\nSuccessfully complete 72 semester units of the following coursework\nwith a minimum cumulative grade point average of 2.0 on a 4.0 scale:</p>\n<p>1)\nComplete 30 semester units of the common core courses.</p>\n<p>2)\nComplete 12 semester units of unrestricted electives</p>\n<p>3)\nComplete 6 semester units of thesis project courses.</p>\n<p>2.\nComplete all financial requirements</p>\n<p>3.\nFile an application for intent to graduate with the university office\n8 weeks prior to graduation to certify that all graduation\nrequirements have been met.</p>\n<p>4.\nComplete the degree requirements within the time limit.</p>\n<p>5.\nThe Master of Arts in Religion program must be completed within 4\nyears from the time the student commenced the first course, as a\nregular student, which applies to the degree requirements.</p>\n<p><br/>\n</p>\n<p><b>Common\nCore Courses</b></p>\n<p>30\nsemester units</p>\n<p>The\nMaster of Arts in Religion degree student will choose a minimum of 36\nsemester units of Common Core Courses from any of the following\ncourses:</p>\n<p>Course\nNo/ Course Title  Units/Hours</p>\n<p>Biblical\nTheology</p>\n<p>Biblical\nLanguages</p>\n<p>Christian\nCounseling</p>\n<p>Christian\nEducation</p>\n<p>Christian\nEthics</p>\n<p>Church\nHistory/Historical Theology</p>\n<p>Mission</p>\n<p>Practical\nTheology</p>\n<p>Systematic\nTheology</p>\n<p>Theological\nStudies</p>\n<p>Church\nMusic</p>\n<p><br/>\n</p>\n<p><b>Unrestricted\nElectives</b></p>\n<p>12\nsemester units</p>\n<p>The\nMaster of Arts in Religion degree student will choose a minimum of 18\nsemester units of Unrestricted Electives from any of the following\ncourses:</p>
7	Master of Divinity (M.Div.)	<p><b>Program\nOverview</b></p>\n<p>The\nMaster of Divinity degree is a professional degree which will equip\ngraduates with the comprehensive graduate education necessary for\nbecoming an ordained minister. This program is designed to provide\nthe student with both the foundations in the Scriptures and Theology\nand to provide the skills for effective pastoral ministry within the\nlocal church. It will provide the foundation for further professional\ndoctoral studies and is also designed to strengthen the student's\npersonal spirituality and to refine skills for ministry. At the\nconclusion of this program the student should:</p>\n<p>1.\nDemonstrate a solid understanding of the Bible in its themes and\nstructure.</p>\n<p>2.\nDemonstrate a thorough understanding of Christian theology.</p>\n<p>3.\nHave developed a foundation for leadership within Christian\norganizations</p>\n<p>4.\nDemonstrate an ability to communicate within a variety of settings.</p>\n<p>5.\nArticulate a Christian worldview for ministry.</p>\n<p>6.\nDemonstrate ability to exegete Biblical texts using both Biblical\nlanguage skills and principles of interpretation</p>\n<p>7.\nHave developed an understanding of personal strengths and weaknesses\nfor future development in pastoral ministry</p>\n<p>8.\nHave understanding of church pastoral ministry requirements.</p>\n<p>9.\nHave developed foundation for optional future professional\ndevelopment</p><p><br/></p>\n<p><b>Degree\nRequirements/ Time Limit</b></p>\n<p>1.\nSuccessfully complete 108 semester units of the following coursework\nwith a minimum cumulative grade point average of 2.0 on a 4.0 scale:</p>\n<p>1)\nComplete 60 semester units of the common core courses.</p>\n<p>2)\nComplete 30 semester units of unrestricted electives.</p>\n<p>3)\nComplete 6 semester units of masters project courses.</p>\n<p>2.\nComplete all financial requirements</p>\n<p>3.\nFile an application for intent to graduate with the university office\n8 weeks prior to graduation to certify that all graduation\nrequirements have been met.</p>\n<p>4.\nComplete the degree requirements within the time limit.</p>\n<p>5.\nThe Master of Divinity program must be completed within 6 years from\nthe time the student commenced the first course, as a regular\nstudent, which applies to the degree requirements.</p><p><br/></p>\n<p><b>Common\nCore Courses</b></p>\n<p>60\nsemester units</p>\n<p>The\nMaster of Divinity Degree student will choose a minimum of 60\nsemester units of Common Core Courses from any of the following\ncourses:</p>\n<p>Biblical\nTheology</p>\n<p>Biblical\nLanguages</p>\n<p>Christian\nCounseling</p>\n<p>Christian\nEducation</p>\n<p>Church\nHistory/Historical Theology</p>\n<p>Church\nMusic</p>\n<p>Mission</p>\n<p>Systematic\nTheology</p>\n<p>Theological\nStudies</p>\n<p><br/>\n</p>\n<p><b>Unrestricted\nElectives</b></p>\n<p>30\nsemester units</p>\n<p>The\nMaster of Divinity Degree student will choose a minimum of 30\nsemester units of Unrestricted Electives</p>\n<p><br/>\n</p>\n<p><b>Masters\nResearch Project</b></p>\n<p>6\nsemester units</p>\n<p>Students\nare required to complete a Masters research project for Masters\ndegree in the form of a thesis and present it to the Masters\nResearch Evaluation Committee for approval during the students\nfinal semester. Candidates for the Masters Research Project are\nrequired to enroll in the following preparation course work of\nmasters research project (MRP 591) and writing a thesis project\n(MRP 593) under the guidance.</p>\n<p>MRP\n591/ Masters Research Project II-1  3/45</p>\n<p>MRP\n593/ Masters Research Project II-2  3/45</p>\n<p><br/>\n</p>
\.


--
-- Name: home_academicprograms_id_seq; Type: SEQUENCE SET; Schema: public; Owner: -
--

SELECT pg_catalog.setval('home_academicprograms_id_seq', 7, true);


--
-- Data for Name: home_adjunctprofessor; Type: TABLE DATA; Schema: public; Owner: -
--

COPY home_adjunctprofessor (id, professor_name, professor_spec, professor_course, professor_image_id) FROM stdin;
1	In-Gyu Hong	<p>Ph.D.,\nUniversity of Stellenbosch, Capetown: South Africa.</p><p>M.Phil.,\nUniversity of Stellenbosch, Capetown: South Africa.</p><p>M.Div.,\nReformed Theological Seminary, Jackson: MS.</p><p>B.A.,\nJun-Nam University, Kwnag-Joo: Korea.</p><p>Former\nProfessor of New Testament, Reformed Seminary, Seoul:</p><p>Korea.\n1993~1997</p><p>Professor\nof New Testament, Baek-Suk Theological Seminary, Chun-An:</p><p>\n\t\n\t\n\t\n\n\n\n\n\n\n\n\n\n</p><p>Korea.\n1997~</p><p>\n\t\n\t\n\t\n\n\n</p><p>President\nof Baek-Suk Theological Seminary, Chun-An: Korea</p>	Adjunct Professor of New Testament	\N
2	Daniel H. Kim	<p>Ph.D.,\nReformed Theological Seminary, Jackson: MS.</p><p>Th.M.,\nReformed Theological Seminary, Jackson: MS.</p><p>M.Div.,\nWestminster Theological Seminary, Glenside: PA.</p><p>M.A.R.,\nWestminster Theological Seminary, Glenside: PA.</p><p>B.A.,\nChoong-Nam University, Dae-Jeon: Korea.</p><p>\n\t\n\t\n\t\n\n\n\n\n\n\n\n</p><p>President\nof Joy Mission Fellowship.</p>	Adjunct Professor of Handicapped Theology	\N
3	Seung-Kon. Kim	<p>Th.D.,\nCalifornia Graduate School of Theology, Westminster: CA.</p><p>M.Div.,\nChongshin Theological Seminary, Seoul: Korea</p><p>B.A.,\nKoryo Bible College, Busan: Korea.</p><p>Pastor\nEmeritus of Na-Sung West Church, Los Angeles: CA.</p><p>\n\t\n\t\n\t\n\n\n\n\n\n\n</p><p>Former\nPresident of International Bible Seminary, Los Angeles: CA.</p>	Adjunct Professor of Systematic Theology	\N
4	Nathan P. Eshelman	<p>D.Min.,\nReformed Presbyterian Theological Seminary, Pittsburgh: PA.</p><p>Th.M.\ncandi., Puritan Reformed Theological Seminary, Grand Rapids: MI.</p><p>M.Div.,\nPuritan Reformed Theological Seminary, Grand Rapids: MI.</p><p>B.Th.,\nKuyper College, Grand Rapids: MI.</p><p>Senior\nPastor of the Los Angeles, Los Angeles: CA.</p><p>Reformed\nPresbyterian Church, Co-author of Gentle Reformation.</p><p>\n\t\n\t\n\t\n\n\n\n\n\n\n\n\n</p><p>President\nof the Home Mission Board (RPCNA).</p>	Adjunct Professor of Practical Theology	\N
5	ChristopherK. Lensch	<p>S.T.M.,\nFaith Theological Seminary, Philadelphia: PA.</p><p>M.Div.,\nFaith Theological Seminary, Philadelphia: PA.</p><p>B.A.,\nShelton College, Ringwood: NJ.</p><p>\n\t\n\t\n\t\n\n\n\n\n\n</p><p>Associate\nProfessor of Old Testament, Western Reformed Seminary, 1998~</p>	Adjunct Assistant Professor of Old Testament	\N
6	John A. Battle	<p>Th.D.\nGrace Theological Seminary, Winona Lake: IN.</p><p>S.T.M.\nFaith Theological Seminary, Philadelphia: PA.</p><p>M.Div.,\nFaith Theological Seminary, Philadelphia: PA.</p><p>B.A.,\nHighland College, Pasadena: CA.</p><p>\n\t\n\t\n\t\n\n\n\n\n\n\n</p><p>Professor\nof Old Testament, Western Reformed Seminary, 1998~</p>	Adjunct Professor of New Testament and Theology	\N
7	Richard L. Pratt	<p>Th.D.,\nHarvard University Divinity School, Cambridge: MA.</p><p>M.Div.,\nUnion Theological Seminary, Richmond: VA.</p><p>Westminster\nTheological Seminary, Glenside: PA.</p><p>B.A.,\nRoanoke College, Salem: VA.</p><p>Covenant\nCollege, Lookout Mountain: GA.</p><p>Former\nProfessor of Old Testament, Reformed Theological Seminary,</p><p>Jackson:\nMS.</p><p>Professor\nof Old Testament, Reformed Theological Seminary, Orlando: FL.</p><p>President\nof Third Millennium Ministries.</p>	Adjunct Professor of Old Testament	\N
8	Joseph A. Pipa	<p>Ph.D.\nWestminster Theological Seminary, Glenside: PA.</p><p>M.Div.,\nReformed Theological Seminary, Jackson: MS.</p><p>B.A.,\nBelhaven College, Jackson: MS.</p><p>President\nof Greenville Presbyterian Theological Seminary, Greenville: SC.</p>	Adjunct Professor of Historical and Systematic Theology	\N
\.


--
-- Name: home_adjunctprofessor_id_seq; Type: SEQUENCE SET; Schema: public; Owner: -
--

SELECT pg_catalog.setval('home_adjunctprofessor_id_seq', 8, true);


--
-- Data for Name: home_admissionpage; Type: TABLE DATA; Schema: public; Owner: -
--

COPY home_admissionpage (page_ptr_id, subsection_title, subsection_subtitle, body, main_image_id) FROM stdin;
13	Admission	Admission Information	<p>Admission decisions are based upon both objective and subjective criteria. An applicant's previous academic record is an important predictor of his/her ability to succeed at the masters and doctoral level. Personal and/or professional letters of recommendation are included in the admission process for entrance into the programs.<br/>Finally, a personal interview with a college administrator is required of all applicants. The University admits students of any race, color, creed, and sex, regardless of national or ethnic origin or physical handicap. Students must understand that Tyndale International University is a Christian University that provides training from a decidedly Reformed Christian worldview.</p><p>* Tyndale International University does not grant I-20's nor is approved to grant I-20's to foreign students.<br/><br/><b>Application Procedures</b><br/><br/> Admission is granted to applicants who demonstrate the ability to undertake successfully study and research at the<br/>undergraduate or the graduate level. Admission is granted to students who meet the following requirements:<br/><br/><b>Admission Process</b><br/><br/> Students must contact the admissions office and obtain an application packet. The packet will contain the required<br/>application and forms needed for submission. The student must also contact all relevant institutions for submission of transcripts attesting to his academic qualifications from undergraduate institutions for master degree admission. The student must insure that all required scores are submitted to the institution attesting to Assessment, if applicable. It is the student's responsibility to insure that all documents and forms are submitted to the admissions office. Once the university receives all required documents and forms, the student's application file will be deemed complete and a decision by the Admission Committee will be made concerning the student's admission to the school. Admission decisions will be made within 30 days of receiving all required documentation.<br/> Students will not be admitted to the school without the required documentation submitted and registration fees<br/>paid. Admission is granted for a period of one year. If an applicant does not accept his admission or fails to matriculate after one year acceptance, the applicant will need to go through the admission process again as a new student. This will mean that the applicant must submit a new non-refundable registration fee and an application and all required documents, forms and information required for admission to their selected program. Previous admission does not guarantee readmission. Admission requirements per program are as follows:<br/><br/>1. Certificate Program Admission Requirements:  </p><p> In order to be admitted into the institution's Certificate program, the student must:</p><p> 1) Provide the institution with a completed application with a recent photo affixed.<br/> 2) Submit proof of completion of a high school education, G.E.D. or equivalent education. Proof can be made by submission of official copies of transcripts of a high school diploma, G.E.D. or other equivalent high school completion. High School course work must evidence a G.P.A. of 2.0 or G.E.D. of satisfactory completion. Students who do not have a traditional high school education may be required to take an independently administered entrance test given by the school to determine adequate skills for entrance.<br/> 3)Submission of a statement of Christian faith along with two letters of recommendation attesting to his Christian maturity and character.<br/> 4)Submit a non-refundable application fee of $100.</p><p>Admission will be done by reviewing all factors as a whole, not on one indicator only. Review will be finalized by the Admission Committee.</p><p><br/>2. Bachelor Degree Program Admission Requirements: </p><p> In order to be admitted into the institution's Bachelor degree program, the student must:</p><p> 1) Provide the institution with a completed application with a recent photo affixed.<br/> 2)Submit proof of completion of a high school education, G.E.D. or equivalent education. Proof can be made by submission of official copies of transcripts of a high school diploma, G.E.D. or other equivalent high school completion. High School course work must evidence a G.P.A. of 2.0 or G.E.D. of satisfactory completion. Students who do not have a traditional high school education may be required to take an independently administered entrance test given by the school to determine adequate skills for entrance into the university.<br/> 3) Submission of a statement of Christian faith along with two letters of recommendation attesting to his Christian maturity and character.<br/> 4)Submit a non-refundable application fee of $100.</p><p><br/>Admission will be done by reviewing all factors as a whole, not on one indicator only. Review will be finalized by the Admission Committee.<br/><br/>3. Master Degree Programs Admission Requirements: </p><p> In order to be admitted into the institution's Master degree programs, the student must:</p><p> 1) Provide the institution with a completed application with a recent photo affixed.<br/> 2)Demonstrate that he has completed a bachelor degree with a minimum grade average of 2.0 in all course work. Bachelor degrees must be earned from either colleges or universities that have been approved by an appropriate state agency. Bachelor degrees earned from institutions outside the U.S. will be evaluated using standards published by the American Association of Collegiate Registrars and Admissions officers for equivalency. Proof will be evidenced by submission of official copies of transcripts of all undergraduate work completed.<br/> 3)Submit a statement of Christian faith along with two letters of recommendation attesting to his Christian maturity character.<br/> 4)Submit a statement of around 200 words outlining his career and ministry objectives and how the attainment of the degree will facilitate these goals.<br/> 5)Submit a non-refundable application fee of $100.</p><p><br/>Admission will be done by reviewing all factors as a whole, not on one indicator only. Review will be finalized by the Admission Committee.<br/><br/>4. Doctor Degree Programs Admission Requirements:</p><p> In order to be admitted into the institution's Doctor degree programs, the student must:</p><p> 1)Provide the institution with a completed application with a recent photo affixed.<br/> 2)Demonstrate that he has completed a bachelor and M.Div. or equivalent degree with a minimum grade average of 3.0 in all course work. Bachelor and Master degrees must be earned from either colleges or universities that have been approved by an appropriate state agency. Bachelor and Master degrees earned from institutions outside the U.S. will be evaluated using standards published by the American Association of Collegiate Registrars and Admissions officers for equivalency. Proof will be evidenced by submission of official copies of transcripts of all undergraduate work completed.<br/> 3)Submit a statement of Christian faith along with two letters of recommendation attesting to his Christian maturity character.<br/> 4) Submit a statement of around 200 words outlining their career and ministry objectives and how the attainment of the degree will facilitate these goals.<br/> 5) Submit a non-refundable application fee of $100.</p><p><br/>Admission will be done by reviewing all factors as a whole, not on one indicator only. Review will be finalized by the   Admission Committee.<br/></p>	12
\.


--
-- Data for Name: home_chairmanpage; Type: TABLE DATA; Schema: public; Owner: -
--

COPY home_chairmanpage (page_ptr_id, subsection_title, subsection_subtitle, chairman_name, chairman_title, body, chairman_image_id) FROM stdin;
6	Chairmans Welcome	Welcome message from TIU's Chairman	Daniel C. Ji, D.R.E., Th.D.	Chairman	<p>Dear Friends,<br/> Tyndale International University was established based upon Reformed Calvinism and faith based on conservative teaching. We are commissioned to foster and produce faithful and truthful leaders in our societies and churches. In this diversified generation, we can't speak enough of how crucial and significant education is.<br/> Education is a tool/instrument that helps us to realize, develop, and improve our individual talents that God has bestowed upon us. And the ultimate goal for the education is to become somebody who is needed and important. Additionally, we all have a privilege and right to be educated.<br/> Tyndale International University exists for that particular purpose and aim. This is an education that advances and moves forward from Christian mind to conservative Reformed Calvinism grounded on theology and faith derived from the Scriptures. I, this nation, and this generation will labor and toil as the lighthouse that shines the light in this world and as the salt that protects the world from deteriorating and decaying.<br/> Tyndale International University will eagerly assist and contribute to those who passionately longing for education but are unable to pursue their goals due to their jobs and/or environmental situations they are in. We plan to have night classes and other ways/methods to help them accomplish their dreams.<br/> ''Do your best to present yourself to God as one approved, a worker who has no need to be ashamed, rightly handling the word of truth.'' (2 Tim. 2:15).<br/><br/>Sincerely,<br/></p>	3
\.


--
-- Data for Name: home_contactpage; Type: TABLE DATA; Schema: public; Owner: -
--

COPY home_contactpage (page_ptr_id, to_address, from_address, subject, contact_header, contact_subheader, thank_you_text) FROM stdin;
14	taedori@outlook.com		Email From Tyndale website	Contact Us	Fill in the form below to get in touch with us.	Thank you for contacting us, We will contact you as soon as possible.
\.


--
-- Data for Name: home_course; Type: TABLE DATA; Schema: public; Owner: -
--

COPY home_course (id, course_name) FROM stdin;
1	Biblical Theology / Biblical Languages
2	Hermeneutics / Christian Counseling
3	Christian Education
4	Church History/Historical Theology
5	Church Music
6	Church Ministry/Practical Theology
7	Christian Evangelism / Missiology
8	Systematic Theology/Apologetics
\.


--
-- Name: home_course_id_seq; Type: SEQUENCE SET; Schema: public; Owner: -
--

SELECT pg_catalog.setval('home_course_id_seq', 8, true);


--
-- Data for Name: home_facultypage; Type: TABLE DATA; Schema: public; Owner: -
--

COPY home_facultypage (page_ptr_id, subsection_title, subsection_subtitle, tab_title_1, tab_title_2) FROM stdin;
12	Faculty	Faculties of TIU	Faculty	Adjunct Faculty
\.


--
-- Data for Name: home_faithpage; Type: TABLE DATA; Schema: public; Owner: -
--

COPY home_faithpage (page_ptr_id, subsection_title, subsection_subtitle, body, main_image_id) FROM stdin;
8	Statement of Faith	Statement of Faith	<p>At Tyndale International University, we make a solemn declaration of faith on the basis of the Scriptures as follows:<br/><br/> The Bible is the inerrant and divinely inspired word of God. There is one God, eternally existing and manifesting Himself to us in three Persons; the Father, the Son and the Holy Spirit. God, by His Word and for His glory, freely created the world in six days from nothing and created man, male and female, in His own image, to have fellowship with Him. The existence of the creation is not explainable apart from the roles of God as the sovereign Creator and Sustainer of the entire natural realm. Concepts such as theistic or threshold evolution do not adequately explain the wonder of Gods creation.<br/> Tempted by Satan, the whole human race fell in the fall of the first Adam. All men, until they accept the Lord Jesus as their personal Savior, are lost, darkened in their understanding, alienated from the life of God through the ignorance that is in them, hardened in heart, are are morally and spiritually dead through their trespasses and sins. They cannot see, nor enter the kingdom of God until they are born again of the Holy Spirit. The only Mediator between God and humankind is Jesus Christ our Lord, the eternal Son of God. Jesus Christ revealed His divine love and upheld divine justice through His death on the cross, in our place, revealing our guilt and reconciling us to God. All have sinned through Adam, but the gift of God is eternal life through Jesus Christ our Lord. Christ redeemed us from sin through His death on the cross. On the third day He rose bodily from the grave, victorious over death and power over darkness. He ascended to heaven where, at God's right hand, He intercedes for His people and rules as Lord overall.<br/> The true Church is composed of all such persons who through saving faith in Jesus Christ have been regenerated by the Holy Spirit and are united together in the body of Christ. The Holy Spirit is a Person, and is possessed of all the distinctively divine attributes. He is God. God's redemptive purpose will be consummated by the return of Christ to raise the dead, to judge all people according to the deeds done in the body and to establish His glorious kingdom. All those who receive Jesus Christ as their Savior and their Lord, and who confess Him as such, become children of God and receive eternal life, and become heirs of God. At death their spirits depart to be with Christ in conscious blessedness, and at the Second Coming of Christ their bodies shall be raised and transformed into glorious bodies. They shall live and reign with Him forever.<br/> The wicked shall be separated from God's presence. All those who persistently reject Jesus Christ in the present life shall be raised from the dead and throughout eternity exist in the state of conscious, endless torment and anguish in hell. Satan, an evil being of cunningness, shall ultimately be cast into the lake of fire and brimstone and shall be tormented day and night forever. We believe in Westminster Confession of Faith and Heidelberg Catechismas being faithful and truthful to the teachings of the Bible, and as best representing the conventional Reformed faith.<br/> We denunciate liberalism and humanism, however, we believe that the faith rooted and centered on conservative faith that is derived from Calvinisms reformed faith and faith centered on the Bible will revive todays churches and will lead believers to their spiritual growth.<br/></p>	5
\.


--
-- Data for Name: home_formfield; Type: TABLE DATA; Schema: public; Owner: -
--

COPY home_formfield (id, sort_order, label, field_type, required, choices, default_value, help_text, page_id) FROM stdin;
1	0	name	singleline	t		Enter your name		14
2	1	email	email	t		Enter your email		14
3	2	message	multiline	t		Enter your Message		14
\.


--
-- Name: home_formfield_id_seq; Type: SEQUENCE SET; Schema: public; Owner: -
--

SELECT pg_catalog.setval('home_formfield_id_seq', 3, true);


--
-- Data for Name: home_homepage; Type: TABLE DATA; Schema: public; Owner: -
--

COPY home_homepage (page_ptr_id, main_header, main_subheader, slider1_header1, slider1_header2, slider1_subheader1, slider2_header1, slider2_subheader1) FROM stdin;
3	our mission	Preparing students to serve Christ and his church through biblical, experiential, and practical ministry	Welcome to	Tyndale international university	The reformed theology based seminary	DO YOUR BEST TO PRESENT YOURSELF TO GOD AS ONE APPROVED, A WORKER WHO HAS NO NEED TO BE ASHAMED, RIGHTLY HANDLING THE WORD OF TRUTH	2 Timothy 2 : 15
\.


--
-- Data for Name: home_missionpage; Type: TABLE DATA; Schema: public; Owner: -
--

COPY home_missionpage (page_ptr_id, subsection_title, subsection_subtitle, body, main_image_id) FROM stdin;
7	Statement of Mission	Statement of Mission	<p>Tyndale International Universityseeks to provide each student with the opportunity to mature in his experiential understanding of the substance of Christ's character and image while developing his cognitive and effective potential. It is to be a University where understanding and knowledge are generated and disseminated together with essential principles of their practical application in a contemporary world for lifelong ministry and the development of a foundation for lifelong learning and training. Tyndale International University seeks to impart to each student a high level of competency in his ability to study and present the Word of God to others. It is our goal to produce individuals who are able to bring enlightened solutions to the problems, which are faced by both a church and the secular world.<br/><br/>[Purpose and Objectives]<br/>1. Ministers with a Christian worldview point who are willing and capable of effective communication.<br/>2. Ministers who can demonstrate a solid background of Biblical knowledge and Christian theological background.<br/>3. Ministers who understand the nature of human life and its spiritual needs.<br/>4. Ministers who can develop and implement ministries to families and other groups within the church setting.<br/>5. Reliable family ministers, with expertise in marriage and family matters, which have concrete faith in God.<br/>6. Professional ministers who can efficiently cope with life crises within a church and/or ministry setting.<br/><br/> *Tyndale International University admits students from other countries; however, visa services are not provided and the University does not vouch for student status, or associated charges.<br/> Tyndale International University is also unique in that it seeks to allow a broad range of theological spectrums within a reformed tradition. Students are free to choose elective courses that are in keeping with their personal viewpoint and expression.<br/></p>	4
\.


--
-- Data for Name: home_presidentpage; Type: TABLE DATA; Schema: public; Owner: -
--

COPY home_presidentpage (page_ptr_id, subsection_title, subsection_subtitle, president_name, president_title, body, president_image_id) FROM stdin;
5	President's Welcome	Welcome message from TIU's President	Frank J. Smith, Ph.D., D.D.	President	<p>Dear Student:<br/> As President of Tyndale International University, I greet you in the name of the Lord Jesus Christ. He is King of kings and Lord of lords, and in Him are found all the treasures of God. The Apostle Paul reminds us He must have the preeminence, and by Him all things consist. These truths have profound implications for education, since we know from the book of Proverbs that the fear of the Lord is the beginning of both knowledge and wisdom.<br/> At Tyndale International University, we seek to bring all thoughts captive to the Lordship of Christ. This educational approach is what is referred to as a Christian world-and-life view. Not every institution that identifies itself as Christian understands this perspective. What you will discover at Tyndale International University therefore is rare--an institution of higher learning that starts with the wisdom of God as recorded in His Word, the Bible, and which builds on that infallible foundation.<br/> We are far from perfect, of course, in our understanding and in our application of that knowledge. Nevertheless, we are sincere in our endeavor. And we invite you to join us in this great enterprise.<br/><br/>Sincerely,<br/></p>	2
\.


--
-- Data for Name: home_professor; Type: TABLE DATA; Schema: public; Owner: -
--

COPY home_professor (id, professor_name, professor_spec, course_id, professor_image_id) FROM stdin;
1	See-Nam Kim	<p>Ph.D.,\nUniversity of California in Los Angeles, Los Angeles: CA.</p><p>M.A.,\nFuller Theological Seminary, Pasadena: CA.</p><p>M.A.,\nUniversity of California in Los Angeles, Los Angeles: CA.</p><p>M.Div.,\nChongshin Theological Seminary, Seoul: Korea.</p><p>B.A.,\nChongshin College, Seoul: Korea.</p>	1	\N
2	Joel E. Kim	<p>Ph.\nD., Calvin Theological Seminary, Grand Rapids: MI.</p><p>M.Div.,\nWestminster Seminary, Escondido: CA.</p><p>B.A.,\nUniversity of California in Los Angeles, Los Angeles: CA.</p>	1	\N
3	Seung-Won Suh	<p>D.Min.\ncandi., Calremont Graduate School, Pomona: CA.</p><p>Ph.D.,\nAthens National University, Athens: Greece.</p><p>M.Phil.,\nAthens National University, Athens: Greece.</p><p>M.Div.,\nInternational Theological Seminary, El Monte: CA.</p><p>Chongshin\nTheological Seminary, Seoul: Korea.</p><p>M.A.,\nSeoul National University, Seoul: Korea.</p><p>B.A.,\nSeoul National University, Seoul: Korea.</p>	1	\N
4	Young-Ho Im	<p>Th.D.,\nLife University, Gardena: CA.</p><p>Ed.D.,\nReformed University &amp; Seminary, Los Angeles: CA.</p><p>Westminster\nSeminary, Escondido: CA.</p><p>Th.M.\ncandi., Calvin Theological Seminary, Grand Rapids: MI.</p><p>M.Div.,\nAmerican Christian College &amp; Seminary, Oklahoma City: OM.</p><p>B.Th.\n&amp; M.Div., Chongshin University &amp; Seminary, Los Angeles: CA.</p>	2	\N
5	Kwang-Yul Yum	<p>Ed.D.,\nTemple University, Philadelphia: PA.</p><p>M.A.,\nTemple University, Philadelphia: PA.</p><p>M.Div.,\nWestminster Theological Seminary, Glenside: PA.</p><p>M.A.R.,\nWestminster Theological Seminary, Glenside: PA.</p><p>B.A.,\nJun-Nam University, Kwang-Joo: Korea.</p>	3	\N
6	Hee-Kyu Choi	<p>Th.D.\ncandi., Internatioal Theological Seminary, El Monte: CA.</p><p>D.Min.,\nReformed Theological Seminary, Jackson: MS.</p><p>Th.M.,\nInternational Theological Seminary, El Monte: CA.</p><p>Westminster\nSeminary, Escondido: CA.</p><p>M.Div.\nequiv., Free Church of Scotland College, Edinburgh: Scotland.</p><p>Chongshin\nTheological Seminary, Seoul: Korea.</p><p>B.Th.,\nCalvin College, Seoul: Korea.</p><p>James\nSang-Mok Park</p><p>Ph.D.\ncandi., Trinity Theological Seminary, Evansville: IN.</p><p>D.Miss.,\nReformed Theological Seminary, Jackson: MS.</p><p>Th.M.,\nReformed Theological Seminary, Jackson: MS.</p><p>M.A.,\nReformed Theological Seminary, Jackson: MS.</p><p>M.Div.,\nReformed Theological Seminary, Jackson: MS.</p><p>B.S.,\nWest Virginia University Tech., Montgomery: WV.</p>	4	\N
7	Seong-Ah Kim	<p>D.M.A.,\nUniversity of Southern California, Los Angeles: CA.</p><p>M.M.,\nCal State Northridge, Northridge: CA.</p><p>B.M.,\nCal State Northridge, Northridge: CA.</p>	5	\N
8	Frank J. Smith	<p>D.D.,\nMethodist Episcopal Church USA.</p><p>Ph.D.,\nCity University of New York, New York: NY.</p><p>M.Phil.,\nCity University of New York, New York: NY.</p><p>Th.M.,\nWestminster Theological Seminary, Glenside: PA.</p><p>M.Div.,\nWestminster Theological Seminary, Glenside: PA.</p><p>B.A.,\nCovenant College, Lookout Mountain: GA.</p>	6	2
10	Daniel C. Ji	<p>Th.D.,\nCalifornia Graduate School of Theology, Westminster: CA.</p><p>D.R.E.,\nFaith Theological Seminary, Philadelphia: PA.</p><p>S.T.M.,\nFaith Theological Seminary, Philadelphia: PA.</p><p>M.Div.,\nFaith Theological Seminary, Philadelphia: PA.</p><p>B.L.,\nKorea University, Seoul: Korea.</p>	8	3
9	James Sang-Mok Park	<p>Ph.D.\ncandi., Trinity Theological Seminary, Evansville: IN.</p><p>D.Miss.,\nReformed Theological Seminary, Jackson: MS.</p><p>Th.M.,\nReformed Theological Seminary, Jackson: MS.</p><p>M.A.,\nReformed Theological Seminary, Jackson: MS.</p><p>M.Div.,\nReformed Theological Seminary, Jackson: MS.</p><p>B.S.,\nWest Virginia University Tech., Montgomery: WV.</p>	7	7
\.


--
-- Name: home_professor_id_seq; Type: SEQUENCE SET; Schema: public; Owner: -
--

SELECT pg_catalog.setval('home_professor_id_seq', 10, true);


--
-- Data for Name: home_staffpage; Type: TABLE DATA; Schema: public; Owner: -
--

COPY home_staffpage (page_ptr_id, subsection_title, subsection_subtitle, first_column_header, first_column_name, first_column_position, first_column_spec, second_column_header, second_column_name, second_column_position, second_column_spec, third_column_header, third_column_name, third_column_position, fourth_column_header, fourth_column_name, fourth_column_position, fifth_column_header, fifth_column_name, fifth_column_position, fifth_column_image_id, first_column_image_id, fourth_column_image_id, second_column_image_id, third_column_image_id) FROM stdin;
9	Administration and Staff	Administration and Staff of Tiu	ADMINISTRATION	Frank J. Smith	president	<p>D.D., Methodist Episcopal Church USA.<br/>Ph.D., City University of New York.<br/>M.Phil., City University of New York.<br/>Th.M., Westminster Theological Seminary.<br/>M.Div., Westminster Theological Seminary.<br/>B.A., Covenant College.<br/></p>	ADMINISTRATION	James Sang-Mok Park	Academic Dean	<p>Ph.D. candi., Trinity Theological Seminary.<br/>D.Miss., Reformed Theological Seminary<br/>Th.M., Reformed Theological Seminary.<br/>M.A., Reformed Theological Seminary.<br/>M.Div., Reformed Theological Seminary.<br/>B.S., West Virginia University Tech.<br/></p>	ADMINISTRATION	Julia Son	Assistant Treasurer/Financial 	STAFF	Young Rang Lee	Secretary	STAFF	Tae Hwan Kim 	Media / Web Master	10	6	9	7	8
\.


--
-- Data for Name: profiles_profile; Type: TABLE DATA; Schema: public; Owner: -
--

COPY profiles_profile (user_id, slug, picture, bio, email_verified) FROM stdin;
1	5e63dee9-2795-467d-a10a-476171a3275e		\N	f
\.


--
-- Data for Name: taggit_tag; Type: TABLE DATA; Schema: public; Owner: -
--

COPY taggit_tag (id, name, slug) FROM stdin;
\.


--
-- Name: taggit_tag_id_seq; Type: SEQUENCE SET; Schema: public; Owner: -
--

SELECT pg_catalog.setval('taggit_tag_id_seq', 1, false);


--
-- Data for Name: taggit_taggeditem; Type: TABLE DATA; Schema: public; Owner: -
--

COPY taggit_taggeditem (id, object_id, content_type_id, tag_id) FROM stdin;
\.


--
-- Name: taggit_taggeditem_id_seq; Type: SEQUENCE SET; Schema: public; Owner: -
--

SELECT pg_catalog.setval('taggit_taggeditem_id_seq', 1, false);


--
-- Data for Name: wagtailcore_grouppagepermission; Type: TABLE DATA; Schema: public; Owner: -
--

COPY wagtailcore_grouppagepermission (id, permission_type, group_id, page_id) FROM stdin;
1	add	1	1
2	edit	1	1
3	publish	1	1
4	add	2	1
5	edit	2	1
6	lock	1	1
\.


--
-- Name: wagtailcore_grouppagepermission_id_seq; Type: SEQUENCE SET; Schema: public; Owner: -
--

SELECT pg_catalog.setval('wagtailcore_grouppagepermission_id_seq', 6, true);


--
-- Data for Name: wagtailcore_page; Type: TABLE DATA; Schema: public; Owner: -
--

COPY wagtailcore_page (id, path, depth, numchild, title, slug, live, has_unpublished_changes, url_path, seo_title, show_in_menus, search_description, go_live_at, expire_at, expired, content_type_id, owner_id, locked, latest_revision_created_at, first_published_at) FROM stdin;
1	0001	1	1	Root	root	t	f	/		f		\N	\N	f	1	\N	f	\N	\N
11	0001000100020001	4	0	Academics Programs	academics-programs	t	f	/home/academics/academics-programs/		t		\N	\N	f	24	1	f	2015-08-11 09:49:01.121584-07	2015-08-11 09:49:01.18331-07
10	000100010002	3	2	Academics	academics	t	f	/home/academics/		t		\N	\N	f	23	1	f	2015-08-11 09:48:07.762436-07	2015-08-11 09:48:07.82481-07
12	0001000100020002	4	0	Faculty	faculty	t	f	/home/academics/faculty/		t		\N	\N	f	28	1	f	2015-08-11 09:50:18.051028-07	2015-08-11 09:50:18.116005-07
13	000100010003	3	0	Admission	admission	t	f	/home/admission/		t		\N	\N	f	25	1	f	2015-08-11 09:56:45.559571-07	2015-08-11 09:56:45.629921-07
3	00010001	2	4	Homepage	home	t	f	/home/		t		\N	\N	f	3	\N	f	2015-08-10 19:50:50.92363-07	2015-08-10 19:50:51.003812-07
14	000100010004	3	0	Contact	contact	t	f	/home/contact/		t		\N	\N	f	27	1	f	2015-08-11 10:02:08.322365-07	2015-08-11 10:02:08.555225-07
6	0001000100010002	4	0	Chairmans Welcome	chairmans	t	f	/home/about/chairmans/		t		\N	\N	f	19	1	f	2015-08-10 21:20:27.613886-07	2015-08-10 21:20:14.350278-07
5	0001000100010001	4	0	President's Welcome	presidents	t	f	/home/about/presidents/		t		\N	\N	f	18	1	f	2015-08-10 21:20:42.501159-07	2015-08-10 21:18:20.471712-07
7	0001000100010003	4	0	Statement of Mission	mission	t	f	/home/about/mission/		t		\N	\N	f	20	1	f	2015-08-11 09:00:23.64559-07	2015-08-11 09:00:10.618434-07
8	0001000100010004	4	0	Statement of Faith	faith	t	f	/home/about/faith/		t		\N	\N	f	21	1	f	2015-08-11 09:15:21.010913-07	2015-08-11 09:07:08.402612-07
4	000100010001	3	5	About	about	t	f	/home/about/		t		\N	\N	f	17	1	f	2015-08-10 20:54:25.952564-07	2015-08-10 19:53:09.329053-07
9	0001000100010005	4	0	Administration / Staff	staff	t	f	/home/about/staff/		t		\N	\N	f	22	1	f	2015-08-11 09:45:28.120476-07	2015-08-11 09:45:28.203048-07
\.


--
-- Name: wagtailcore_page_id_seq; Type: SEQUENCE SET; Schema: public; Owner: -
--

SELECT pg_catalog.setval('wagtailcore_page_id_seq', 14, true);


--
-- Data for Name: wagtailcore_pagerevision; Type: TABLE DATA; Schema: public; Owner: -
--

COPY wagtailcore_pagerevision (id, submitted_for_moderation, created_at, content_json, approved_go_live_at, page_id, user_id) FROM stdin;
1	f	2015-08-10 19:50:50.92363-07	{"first_published_at": null, "slider1_subheader1": "The reformed theology based seminary", "slider2_subheader1": "2 Timothy 2 : 15", "locked": false, "search_description": "", "title": "Homepage", "go_live_at": null, "main_header": "our mission", "seo_title": "", "url_path": "/home/", "numchild": 0, "slider1_header2": "Tyndale international university", "owner": null, "pk": 3, "content_type": 3, "show_in_menus": true, "depth": 2, "has_unpublished_changes": false, "live": true, "main_subheader": "Preparing students to serve Christ and his church through biblical, experiential, and practical ministry", "expired": false, "expire_at": null, "slider2_header1": "DO YOUR BEST TO PRESENT YOURSELF TO GOD AS ONE APPROVED, A WORKER WHO HAS NO NEED TO BE ASHAMED, RIGHTLY HANDLING THE WORD OF TRUTH", "slider1_header1": "Welcome to", "path": "00010001", "slug": "home", "latest_revision_created_at": null}	\N	3	1
2	f	2015-08-10 19:53:09.255121-07	{"first_published_at": null, "body": "<p>\\u00a0\\u00a0<strong>William Tyndale</strong>\\u00a0(/\\u02c8t\\u026and\\u0259l/;[1]\\u00a0sometimes spelled\\u00a0Tynsdale,\\u00a0Tindall,\\u00a0Tindill,\\u00a0Tyndall; c. 1494\\u20131536) was an English scholar who became a leading figure in Protestant reform in the years leading up to his execution. He is well known for his translation of the\\u00a0Bible\\u00a0into\\u00a0English. He was influenced by the work of\\u00a0Desiderius Erasmus, who made the\\u00a0Greek\\u00a0New Testament\\u00a0available in Europe, and by\\u00a0Martin Luther.[2]\\u00a0While a\\u00a0number of partial translations\\u00a0had been made from the seventh century onward, the spread of\\u00a0Wycliffe's Bible\\u00a0resulted in a death sentence for any unlicensed possession of Scripture in English\\u2014even though translations in all other major European languages had been accomplished and made available.[3][4]\\u00a0Tyndale's translation was the first English Bible to draw directly from\\u00a0Hebrew\\u00a0and\\u00a0Greek\\u00a0texts, the first English one to take advantage of the\\u00a0printing press, and first of the new English Bibles of the Reformation. It was taken to be a direct challenge to the hegemony of both the Roman Catholic Church and the laws of\\u00a0England\\u00a0to maintain the church's position. In 1530, Tyndale also wrote\\u00a0The Practyse of Prelates, opposing\\u00a0Henry VIII's divorce from\\u00a0Catherine of Aragon\\u00a0on the grounds that it contravened Scripture.Reuchlin's Hebrew grammar was published in 1506. Tyndale worked in an age in which Greek was available to the European scholarly community for the first time in centuries. Erasmus compiled and edited Greek Scriptures into the\\u00a0Textus Receptus\\u2014ironically, to improve upon the Latin\\u00a0Vulgate\\u2014following the\\u00a0Renaissance-fueling\\u00a0Fall of Constantinople\\u00a0in 1453 and the dispersion of Greek-speaking intellectuals and texts into a Europe which previously had access to none. When a copy of\\u00a0The Obedience of a Christian Man\\u00a0fell into the hands of\\u00a0Henry VIII, the king found the rationale to\\u00a0break the Church in England from the Roman Catholic Church\\u00a0in 1534.[5][6][page\\u00a0needed]In 1535, Tyndale was arrested and jailed in the castle of\\u00a0Vilvoorde\\u00a0(Filford) outside\\u00a0Brussels\\u00a0for over a year. In 1536 he was convicted of\\u00a0heresy\\u00a0and executed by strangulation, after which his body was burnt at the stake. His dying prayer that the King of England's eyes would be opened seemed to find its fulfillment just two years later with Henry's authorization of\\u00a0The Great Bible\\u00a0for the Church of England\\u2014which was largely Tyndale's own work. Hence, the\\u00a0Tyndale Bible, as it was known, continued to play a key role in spreading\\u00a0Reformation\\u00a0ideas across the English-speaking world and, eventually, to the\\u00a0British Empire.In 1611, the 54 scholars who produced the\\u00a0King James Bible\\u00a0drew significantly from Tyndale, as well as from translations that descended from his. One estimate suggests the\\u00a0New Testament\\u00a0in the King James Version is 83% Tyndale's and the\\u00a0Old Testament\\u00a076%.[7]\\u00a0With his translation of the Bible the first to be printed in English, and a model for subsequent English translations, in 2002, Tyndale was placed at number 26 in the BBC's poll of the\\u00a0100 Greatest Britons.[8][9]<br/><br/>-from Wikipedia<br/></p>", "locked": false, "search_description": "", "title": "About", "go_live_at": null, "subsection_title": "About", "seo_title": "", "url_path": "/home/about/", "numchild": 0, "owner": 1, "pk": 4, "content_type": 17, "show_in_menus": false, "depth": 3, "has_unpublished_changes": false, "live": true, "main_image": 1, "expired": false, "expire_at": null, "path": "000100010001", "subsection_subtitle": "About William Tyndale and YALA Mission", "slug": "about", "latest_revision_created_at": null}	\N	4	1
3	f	2015-08-10 20:54:25.952564-07	{"depth": 3, "seo_title": "", "owner": 1, "title": "About", "body": "<p>\\u00a0\\u00a0<strong>William Tyndale</strong>\\u00a0(/\\u02c8t\\u026and\\u0259l/;[1]\\u00a0sometimes spelled\\u00a0Tynsdale,\\u00a0Tindall,\\u00a0Tindill,\\u00a0Tyndall; c. 1494\\u20131536) was an English scholar who became a leading figure in Protestant reform in the years leading up to his execution. He is well known for his translation of the\\u00a0Bible\\u00a0into\\u00a0English. He was influenced by the work of\\u00a0Desiderius Erasmus, who made the\\u00a0Greek\\u00a0New Testament\\u00a0available in Europe, and by\\u00a0Martin Luther.[2]\\u00a0While a\\u00a0number of partial translations\\u00a0had been made from the seventh century onward, the spread of\\u00a0Wycliffe's Bible\\u00a0resulted in a death sentence for any unlicensed possession of Scripture in English\\u2014even though translations in all other major European languages had been accomplished and made available.[3][4]\\u00a0Tyndale's translation was the first English Bible to draw directly from\\u00a0Hebrew\\u00a0and\\u00a0Greek\\u00a0texts, the first English one to take advantage of the\\u00a0printing press, and first of the new English Bibles of the Reformation. It was taken to be a direct challenge to the hegemony of both the Roman Catholic Church and the laws of\\u00a0England\\u00a0to maintain the church's position. In 1530, Tyndale also wrote\\u00a0The Practyse of Prelates, opposing\\u00a0Henry VIII's divorce from\\u00a0Catherine of Aragon\\u00a0on the grounds that it contravened Scripture.Reuchlin's Hebrew grammar was published in 1506. Tyndale worked in an age in which Greek was available to the European scholarly community for the first time in centuries. Erasmus compiled and edited Greek Scriptures into the\\u00a0Textus Receptus\\u2014ironically, to improve upon the Latin\\u00a0Vulgate\\u2014following the\\u00a0Renaissance-fueling\\u00a0Fall of Constantinople\\u00a0in 1453 and the dispersion of Greek-speaking intellectuals and texts into a Europe which previously had access to none. When a copy of\\u00a0The Obedience of a Christian Man\\u00a0fell into the hands of\\u00a0Henry VIII, the king found the rationale to\\u00a0break the Church in England from the Roman Catholic Church\\u00a0in 1534.[5][6][page\\u00a0needed]In 1535, Tyndale was arrested and jailed in the castle of\\u00a0Vilvoorde\\u00a0(Filford) outside\\u00a0Brussels\\u00a0for over a year. In 1536 he was convicted of\\u00a0heresy\\u00a0and executed by strangulation, after which his body was burnt at the stake. His dying prayer that the King of England's eyes would be opened seemed to find its fulfillment just two years later with Henry's authorization of\\u00a0The Great Bible\\u00a0for the Church of England\\u2014which was largely Tyndale's own work. Hence, the\\u00a0Tyndale Bible, as it was known, continued to play a key role in spreading\\u00a0Reformation\\u00a0ideas across the English-speaking world and, eventually, to the\\u00a0British Empire.In 1611, the 54 scholars who produced the\\u00a0King James Bible\\u00a0drew significantly from Tyndale, as well as from translations that descended from his. One estimate suggests the\\u00a0New Testament\\u00a0in the King James Version is 83% Tyndale's and the\\u00a0Old Testament\\u00a076%.[7]\\u00a0With his translation of the Bible the first to be printed in English, and a model for subsequent English translations, in 2002, Tyndale was placed at number 26 in the BBC's poll of the\\u00a0100 Greatest Britons.[8][9]<br/><br/>-from Wikipedia<br/></p>", "url_path": "/home/about/", "has_unpublished_changes": false, "subsection_title": "About", "go_live_at": null, "slug": "about", "expired": false, "first_published_at": "2015-08-11T02:53:09.329Z", "expire_at": null, "live": true, "path": "000100010001", "content_type": 17, "pk": 4, "main_image": 1, "show_in_menus": true, "search_description": "", "subsection_subtitle": "About William Tyndale and YALA Mission", "numchild": 0, "latest_revision_created_at": "2015-08-11T02:53:09.255Z", "locked": false}	\N	4	1
5	f	2015-08-10 21:18:49.94397-07	{"depth": 4, "seo_title": "", "president_image": 2, "owner": 1, "president_title": "President", "title": "President", "body": "<p>Dear Student:<br/>\\u00a0\\u00a0\\u00a0 As President of Tyndale International University, I greet you in the name of the Lord Jesus Christ. He is King of kings and Lord of lords, and in Him are found all the treasures of God. The Apostle Paul reminds us He must have the preeminence, and by Him all things consist. These truths have profound implications for education, since we know from the book of Proverbs that the fear of the Lord is the beginning of both knowledge and wisdom.<br/>\\u00a0\\u00a0\\u00a0 At Tyndale International University, we seek to bring all thoughts captive to the Lordship of Christ. This educational approach is what is referred to as a Christian world-and-life view. Not every institution that identifies itself as Christian understands this perspective. What you will discover at Tyndale International University therefore is rare--an institution of higher learning that starts with the wisdom of God as recorded in His Word, the Bible, and which builds on that infallible foundation.<br/>\\u00a0\\u00a0\\u00a0 We are far from perfect, of course, in our understanding and in our application of that knowledge. Nevertheless, we are sincere in our endeavor. And we invite you to join us in this great enterprise.<br/><br/>Sincerely,<br/></p>", "url_path": "/home/about/president/", "has_unpublished_changes": false, "subsection_title": "President", "go_live_at": null, "slug": "president", "expired": false, "first_published_at": "2015-08-11T04:18:20.471Z", "expire_at": null, "live": true, "path": "0001000100010001", "content_type": 18, "pk": 5, "show_in_menus": true, "president_name": "Frank J. Smith, Ph.D., D.D.", "search_description": "", "subsection_subtitle": "Welcome message from TIU's Chairman", "numchild": 0, "latest_revision_created_at": "2015-08-11T04:18:20.410Z", "locked": false}	\N	5	1
4	f	2015-08-10 21:18:20.410974-07	{"depth": 4, "seo_title": "", "president_image": 2, "owner": 1, "president_title": "President", "title": "President", "body": "<p>Dear Student:<br/>\\u00a0\\u00a0\\u00a0 As President of Tyndale International University, I greet you in the name of the Lord Jesus Christ. He is King of kings and Lord of lords, and in Him are found all the treasures of God. The Apostle Paul reminds us He must have the preeminence, and by Him all things consist. These truths have profound implications for education, since we know from the book of Proverbs that the fear of the Lord is the beginning of both knowledge and wisdom.<br/>\\u00a0\\u00a0\\u00a0 At Tyndale International University, we seek to bring all thoughts captive to the Lordship of Christ. This educational approach is what is referred to as a Christian world-and-life view. Not every institution that identifies itself as Christian understands this perspective. What you will discover at Tyndale International University therefore is rare--an institution of higher learning that starts with the wisdom of God as recorded in His Word, the Bible, and which builds on that infallible foundation.<br/>\\u00a0\\u00a0\\u00a0 We are far from perfect, of course, in our understanding and in our application of that knowledge. Nevertheless, we are sincere in our endeavor. And we invite you to join us in this great enterprise.<br/><br/>Sincerely,<br/></p>", "url_path": "/home/about/president/", "has_unpublished_changes": false, "subsection_title": "President", "go_live_at": null, "slug": "president", "expired": false, "first_published_at": null, "expire_at": null, "live": true, "path": "0001000100010001", "content_type": 18, "pk": 5, "show_in_menus": false, "president_name": "Frank J. Smith, Ph.D., D.D.", "search_description": "", "subsection_subtitle": "Welcome message from TIU's Chairman", "numchild": 0, "latest_revision_created_at": null, "locked": false}	\N	5	1
6	f	2015-08-10 21:19:22.336234-07	{"depth": 4, "seo_title": "", "president_image": 2, "owner": 1, "president_title": "President", "title": "President's Welcome", "body": "<p>Dear Student:<br/>\\u00a0\\u00a0\\u00a0 As President of Tyndale International University, I greet you in the name of the Lord Jesus Christ. He is King of kings and Lord of lords, and in Him are found all the treasures of God. The Apostle Paul reminds us He must have the preeminence, and by Him all things consist. These truths have profound implications for education, since we know from the book of Proverbs that the fear of the Lord is the beginning of both knowledge and wisdom.<br/>\\u00a0\\u00a0\\u00a0 At Tyndale International University, we seek to bring all thoughts captive to the Lordship of Christ. This educational approach is what is referred to as a Christian world-and-life view. Not every institution that identifies itself as Christian understands this perspective. What you will discover at Tyndale International University therefore is rare--an institution of higher learning that starts with the wisdom of God as recorded in His Word, the Bible, and which builds on that infallible foundation.<br/>\\u00a0\\u00a0\\u00a0 We are far from perfect, of course, in our understanding and in our application of that knowledge. Nevertheless, we are sincere in our endeavor. And we invite you to join us in this great enterprise.<br/><br/>Sincerely,<br/></p>", "url_path": "/home/about/president/", "has_unpublished_changes": false, "subsection_title": "President's Welcome", "go_live_at": null, "slug": "presidents-welcome", "expired": false, "first_published_at": "2015-08-11T04:18:20.471Z", "expire_at": null, "live": true, "path": "0001000100010001", "content_type": 18, "pk": 5, "show_in_menus": true, "president_name": "Frank J. Smith, Ph.D., D.D.", "search_description": "", "subsection_subtitle": "Welcome message from TIU's Chairman", "numchild": 0, "latest_revision_created_at": "2015-08-11T04:18:49.943Z", "locked": false}	\N	5	1
20	f	2015-08-11 10:02:08.322365-07	{"content_type": 27, "search_description": "", "path": "000100010004", "form_fields": [{"sort_order": 0, "required": true, "field_type": "singleline", "default_value": "Enter your name", "label": "name", "page": 14, "choices": "", "help_text": "", "pk": 1}, {"sort_order": 1, "required": true, "field_type": "email", "default_value": "Enter your email", "label": "email", "page": 14, "choices": "", "help_text": "", "pk": 2}, {"sort_order": 2, "required": true, "field_type": "multiline", "default_value": "Enter your Message", "label": "message", "page": 14, "choices": "", "help_text": "", "pk": 3}], "owner": 1, "subject": "Email From Tyndale website", "seo_title": "", "expire_at": null, "go_live_at": null, "first_published_at": null, "contact_subheader": "Fill in the form below to get in touch with us.", "latest_revision_created_at": null, "to_address": "taedori@outlook.com", "title": "Contact", "expired": false, "from_address": "", "has_unpublished_changes": false, "slug": "contact", "show_in_menus": true, "depth": 3, "contact_header": "Contact Us", "live": true, "thank_you_text": "Thank you for contacting us, We will contact you as soon as possible.", "numchild": 0, "locked": false, "url_path": "/home/contact/", "pk": 14}	\N	14	1
7	f	2015-08-10 21:20:14.290907-07	{"depth": 4, "seo_title": "", "owner": 1, "title": "Chairman\\u2019s Welcome", "body": "<p>Dear Friends,<br/>\\u00a0\\u00a0\\u00a0 Tyndale International University was established based upon Reformed Calvinism and faith based on conservative teaching. We are commissioned to foster and produce faithful and truthful leaders in our societies and churches. In this diversified generation, we can't speak enough of how crucial and significant education is.<br/>\\u00a0\\u00a0\\u00a0 Education is a tool/instrument that helps us to realize, develop, and improve our individual talents that God has bestowed upon us. And the ultimate goal for the education is to become somebody who is needed and important. Additionally, we all have a privilege and right to be educated.<br/>\\u00a0\\u00a0\\u00a0 Tyndale International University exists for that particular purpose and aim. This is an education that advances and moves forward from Christian mind to conservative Reformed Calvinism grounded on theology and faith derived from the Scriptures. I, this nation, and this generation will labor and toil as the lighthouse that shines the light in this world and as the salt that protects the world from deteriorating and decaying.<br/>\\u00a0\\u00a0\\u00a0 Tyndale International University will eagerly assist and contribute to those who passionately longing for education but are unable to pursue their goals due to their jobs and/or environmental situations they are in. We plan to have night classes and other ways/methods to help them accomplish their dreams.<br/>\\u00a0\\u00a0\\u00a0 ''Do your best to present yourself to God as one approved, a worker who has no need to be ashamed, rightly handling\\u00a0 the word of truth.'' (2 Tim. 2:15).<br/><br/>Sincerely,<br/></p>", "url_path": "/home/about/chairmans-welcome/", "has_unpublished_changes": false, "subsection_title": "Chairman\\u2019s Welcome", "go_live_at": null, "slug": "chairmans-welcome", "expired": false, "first_published_at": null, "expire_at": null, "live": true, "path": "0001000100010002", "chairman_name": "Daniel C. Ji, D.R.E., Th.D.", "content_type": 19, "pk": 6, "chairman_title": "Chairman", "show_in_menus": false, "search_description": "", "subsection_subtitle": "Welcome message from TIU's Chairman", "chairman_image": 3, "numchild": 0, "latest_revision_created_at": null, "locked": false}	\N	6	1
8	f	2015-08-10 21:20:27.613886-07	{"depth": 4, "seo_title": "", "owner": 1, "title": "Chairman\\u2019s Welcome", "body": "<p>Dear Friends,<br/>\\u00a0\\u00a0\\u00a0 Tyndale International University was established based upon Reformed Calvinism and faith based on conservative teaching. We are commissioned to foster and produce faithful and truthful leaders in our societies and churches. In this diversified generation, we can't speak enough of how crucial and significant education is.<br/>\\u00a0\\u00a0\\u00a0 Education is a tool/instrument that helps us to realize, develop, and improve our individual talents that God has bestowed upon us. And the ultimate goal for the education is to become somebody who is needed and important. Additionally, we all have a privilege and right to be educated.<br/>\\u00a0\\u00a0\\u00a0 Tyndale International University exists for that particular purpose and aim. This is an education that advances and moves forward from Christian mind to conservative Reformed Calvinism grounded on theology and faith derived from the Scriptures. I, this nation, and this generation will labor and toil as the lighthouse that shines the light in this world and as the salt that protects the world from deteriorating and decaying.<br/>\\u00a0\\u00a0\\u00a0 Tyndale International University will eagerly assist and contribute to those who passionately longing for education but are unable to pursue their goals due to their jobs and/or environmental situations they are in. We plan to have night classes and other ways/methods to help them accomplish their dreams.<br/>\\u00a0\\u00a0\\u00a0 ''Do your best to present yourself to God as one approved, a worker who has no need to be ashamed, rightly handling\\u00a0 the word of truth.'' (2 Tim. 2:15).<br/><br/>Sincerely,<br/></p>", "url_path": "/home/about/chairmans-welcome/", "has_unpublished_changes": false, "subsection_title": "Chairman\\u2019s Welcome", "go_live_at": null, "slug": "chairmans", "expired": false, "first_published_at": "2015-08-11T04:20:14.350Z", "expire_at": null, "live": true, "path": "0001000100010002", "chairman_name": "Daniel C. Ji, D.R.E., Th.D.", "content_type": 19, "pk": 6, "chairman_title": "Chairman", "show_in_menus": true, "search_description": "", "subsection_subtitle": "Welcome message from TIU's Chairman", "chairman_image": 3, "numchild": 0, "latest_revision_created_at": "2015-08-11T04:20:14.290Z", "locked": false}	\N	6	1
9	f	2015-08-10 21:20:42.501159-07	{"depth": 4, "seo_title": "", "president_image": 2, "owner": 1, "president_title": "President", "title": "President's Welcome", "body": "<p>Dear Student:<br/>\\u00a0\\u00a0\\u00a0 As President of Tyndale International University, I greet you in the name of the Lord Jesus Christ. He is King of kings and Lord of lords, and in Him are found all the treasures of God. The Apostle Paul reminds us He must have the preeminence, and by Him all things consist. These truths have profound implications for education, since we know from the book of Proverbs that the fear of the Lord is the beginning of both knowledge and wisdom.<br/>\\u00a0\\u00a0\\u00a0 At Tyndale International University, we seek to bring all thoughts captive to the Lordship of Christ. This educational approach is what is referred to as a Christian world-and-life view. Not every institution that identifies itself as Christian understands this perspective. What you will discover at Tyndale International University therefore is rare--an institution of higher learning that starts with the wisdom of God as recorded in His Word, the Bible, and which builds on that infallible foundation.<br/>\\u00a0\\u00a0\\u00a0 We are far from perfect, of course, in our understanding and in our application of that knowledge. Nevertheless, we are sincere in our endeavor. And we invite you to join us in this great enterprise.<br/><br/>Sincerely,<br/></p>", "url_path": "/home/about/presidents-welcome/", "has_unpublished_changes": false, "subsection_title": "President's Welcome", "go_live_at": null, "slug": "presidents", "expired": false, "first_published_at": "2015-08-11T04:18:20.471Z", "expire_at": null, "live": true, "path": "0001000100010001", "content_type": 18, "pk": 5, "show_in_menus": true, "president_name": "Frank J. Smith, Ph.D., D.D.", "search_description": "", "subsection_subtitle": "Welcome message from TIU's President", "numchild": 0, "latest_revision_created_at": "2015-08-11T04:19:22.336Z", "locked": false}	\N	5	1
11	f	2015-08-11 09:00:23.64559-07	{"content_type": 20, "search_description": "", "path": "0001000100010003", "main_image": 4, "owner": 1, "subsection_title": "Statement of Mission", "seo_title": "", "expire_at": null, "go_live_at": null, "first_published_at": "2015-08-11T16:00:10.618Z", "latest_revision_created_at": "2015-08-11T16:00:10.545Z", "title": "Statement of Mission", "expired": false, "subsection_subtitle": "Statement of Mission", "has_unpublished_changes": false, "body": "<p>Tyndale International University\\u00a0seeks to provide each student with the opportunity to mature in his experiential understanding of the substance of Christ's character and image while developing his cognitive and effective potential. It is to be a University where understanding and knowledge are generated and disseminated together with essential principles of their practical application in a contemporary world for lifelong ministry and the development of a foundation for lifelong learning and training.\\u00a0\\u00a0\\u00a0 Tyndale International University seeks to impart to each student a high level of competency in his ability to study and present the Word of God to others. It is our goal to produce individuals who are able to bring enlightened solutions to the problems, which are faced by both a church and the secular world.<br/><br/>\\u00a0\\u00a0\\u00a0\\u00a0[Purpose and Objectives]<br/>1. Ministers with a Christian worldview point who are willing and capable of effective communication.<br/>2. Ministers who can demonstrate a solid background of Biblical knowledge and Christian theological background.<br/>3. Ministers who understand the nature of human life and its spiritual needs.<br/>4. Ministers who can develop and implement ministries to families and other groups within the church setting.<br/>5. Reliable family ministers, with expertise in marriage and family matters, which have concrete faith in God.<br/>6. Professional ministers who can efficiently cope with life crises within a church and/or ministry setting.\\u00a0\\u00a0\\u00a0<br/><br/>\\u00a0\\u00a0\\u00a0\\u00a0 *Tyndale International University admits students from other countries; however, visa services are not provided and the University does not vouch for student status, or associated charges.<br/>\\u00a0\\u00a0\\u00a0\\u00a0 Tyndale International University is also unique in that it seeks to allow a broad range of theological spectrums within a reformed tradition. Students are free to choose elective courses that are in keeping with their personal viewpoint and expression.<br/></p>", "slug": "mission", "show_in_menus": true, "depth": 4, "live": true, "numchild": 0, "locked": false, "url_path": "/home/about/statement-mission/", "pk": 7}	\N	7	1
10	f	2015-08-11 09:00:10.545584-07	{"content_type": 20, "search_description": "", "path": "0001000100010003", "main_image": 4, "owner": 1, "subsection_title": "Statement of Mission", "seo_title": "", "expire_at": null, "go_live_at": null, "first_published_at": null, "latest_revision_created_at": null, "title": "Statement of Mission", "expired": false, "subsection_subtitle": "Statement of Mission", "has_unpublished_changes": false, "body": "<p>Tyndale International University\\u00a0seeks to provide each student with the opportunity to mature in his experiential understanding of the substance of Christ's character and image while developing his cognitive and effective potential. It is to be a University where understanding and knowledge are generated and disseminated together with essential principles of their practical application in a contemporary world for lifelong ministry and the development of a foundation for lifelong learning and training.\\u00a0\\u00a0\\u00a0 Tyndale International University seeks to impart to each student a high level of competency in his ability to study and present the Word of God to others. It is our goal to produce individuals who are able to bring enlightened solutions to the problems, which are faced by both a church and the secular world.<br/><br/>\\u00a0\\u00a0\\u00a0\\u00a0[Purpose and Objectives]<br/>1. Ministers with a Christian worldview point who are willing and capable of effective communication.<br/>2. Ministers who can demonstrate a solid background of Biblical knowledge and Christian theological background.<br/>3. Ministers who understand the nature of human life and its spiritual needs.<br/>4. Ministers who can develop and implement ministries to families and other groups within the church setting.<br/>5. Reliable family ministers, with expertise in marriage and family matters, which have concrete faith in God.<br/>6. Professional ministers who can efficiently cope with life crises within a church and/or ministry setting.\\u00a0\\u00a0\\u00a0<br/><br/>\\u00a0\\u00a0\\u00a0\\u00a0 *Tyndale International University admits students from other countries; however, visa services are not provided and the University does not vouch for student status, or associated charges.<br/>\\u00a0\\u00a0\\u00a0\\u00a0 Tyndale International University is also unique in that it seeks to allow a broad range of theological spectrums within a reformed tradition. Students are free to choose elective courses that are in keeping with their personal viewpoint and expression.<br/></p>", "slug": "statement-mission", "show_in_menus": false, "depth": 4, "live": true, "numchild": 0, "locked": false, "url_path": "/home/about/statement-mission/", "pk": 7}	\N	7	1
12	f	2015-08-11 09:07:08.335878-07	{"content_type": 21, "search_description": "", "path": "0001000100010004", "main_image": 5, "owner": 1, "subsection_title": "Statement of Faith", "seo_title": "", "expire_at": null, "go_live_at": null, "first_published_at": null, "latest_revision_created_at": null, "title": "Statement of Faith", "expired": false, "subsection_subtitle": "Statement of Faith", "has_unpublished_changes": false, "body": "<p>At Tyndale International University, we make a solemn declaration of faith on the basis of the Scriptures as follows:<br/><br/>\\u00a0\\u00a0\\u00a0 The Bible is the inerrant and divinely inspired word of God. There is one God, eternally existing and manifesting Himself to us in three Persons; the Father, the Son and the Holy Spirit.\\u00a0 God, by His Word and for His glory, freely created the world in six days from nothing and created man, male and female, in His own image, to have fellowship with Him. The existence of the creation is not explainable apart from the roles of God as the sovereign Creator and Sustainer of the entire natural realm. Concepts such as theistic or threshold evolution do not adequately explain the wonder of God\\u2019s creation.<br/>\\u00a0\\u00a0\\u00a0 Tempted by Satan, the whole human race fell in the fall of the first Adam. All men, until they accept the Lord Jesus as their personal Savior, are lost, darkened in their understanding, alienated from the life of God through the ignorance that is in them, hardened in heart, are are morally and spiritually dead through their trespasses and sins.\\u00a0 They cannot see, nor enter the kingdom of God until they are born again of the Holy Spirit.\\u00a0 The only Mediator between God and humankind is Jesus Christ our Lord, the eternal Son of God. Jesus Christ revealed His divine love and upheld divine justice through His death on the cross, in our place, revealing our guilt and reconciling us to God. All have sinned through Adam, but the gift of God is eternal life through Jesus Christ our Lord. Christ redeemed us from sin through His death on the cross. On the third day He rose bodily from the grave, victorious over death and power over darkness. He ascended to heaven where, at God's right hand, He intercedes for His people and rules as Lord overall.<br/>\\u00a0\\u00a0\\u00a0 The true Church is composed of all such persons who through saving faith in Jesus Christ have been regenerated by the Holy Spirit and are united together in the body of Christ. The Holy Spirit is a Person, and is possessed of all the distinctively divine attributes. He is God.\\u00a0 God's redemptive purpose will be consummated by the return of Christ to raise the dead, to judge all people according to the deeds done in the body and to establish His glorious kingdom. All those who receive Jesus Christ as their Savior and their Lord, and who confess Him as such, become children of God and receive eternal life, and become heirs of God. At death their spirits depart to be with Christ in conscious blessedness, and at the Second Coming of Christ their bodies shall be raised and transformed into glorious bodies. They shall live and reign with Him forever.<br/>\\u00a0\\u00a0\\u00a0 The wicked shall be separated from God's presence. All those who persistently reject Jesus Christ in the present life shall be raised from the dead and throughout eternity exist in the state of conscious, endless torment and anguish in hell. Satan, an evil being of cunningness, shall ultimately be cast into the lake of fire and brimstone and shall be tormented day and night forever.\\u00a0 We believe in Westminster Confession of Faith and Heidelberg Catechismas being faithful and truthful to the teachings of the Bible, and as best representing the conventional Reformed faith.<br/>\\u00a0\\u00a0\\u00a0 We denunciate liberalism and humanism, however, we believe that the faith rooted and centered on conservative faith that is derived from Calvinism\\u2019s reformed faith and faith centered on the Bible will revive today\\u2019s churches and will lead believers to their spiritual growth.<br/></p>", "slug": "statement-faith", "show_in_menus": false, "depth": 4, "live": true, "numchild": 0, "locked": false, "url_path": "/home/about/statement-faith/", "pk": 8}	\N	8	1
13	f	2015-08-11 09:07:17.753096-07	{"content_type": 21, "search_description": "", "path": "0001000100010004", "main_image": 5, "owner": 1, "subsection_title": "Statement of Faith", "seo_title": "", "expire_at": null, "go_live_at": null, "first_published_at": "2015-08-11T16:07:08.402Z", "latest_revision_created_at": "2015-08-11T16:07:08.335Z", "title": "Statement of Faith", "expired": false, "subsection_subtitle": "Statement of Faith", "has_unpublished_changes": false, "body": "<p>At Tyndale International University, we make a solemn declaration of faith on the basis of the Scriptures as follows:<br/><br/>\\u00a0\\u00a0\\u00a0 The Bible is the inerrant and divinely inspired word of God. There is one God, eternally existing and manifesting Himself to us in three Persons; the Father, the Son and the Holy Spirit.\\u00a0 God, by His Word and for His glory, freely created the world in six days from nothing and created man, male and female, in His own image, to have fellowship with Him. The existence of the creation is not explainable apart from the roles of God as the sovereign Creator and Sustainer of the entire natural realm. Concepts such as theistic or threshold evolution do not adequately explain the wonder of God\\u2019s creation.<br/>\\u00a0\\u00a0\\u00a0 Tempted by Satan, the whole human race fell in the fall of the first Adam. All men, until they accept the Lord Jesus as their personal Savior, are lost, darkened in their understanding, alienated from the life of God through the ignorance that is in them, hardened in heart, are are morally and spiritually dead through their trespasses and sins.\\u00a0 They cannot see, nor enter the kingdom of God until they are born again of the Holy Spirit.\\u00a0 The only Mediator between God and humankind is Jesus Christ our Lord, the eternal Son of God. Jesus Christ revealed His divine love and upheld divine justice through His death on the cross, in our place, revealing our guilt and reconciling us to God. All have sinned through Adam, but the gift of God is eternal life through Jesus Christ our Lord. Christ redeemed us from sin through His death on the cross. On the third day He rose bodily from the grave, victorious over death and power over darkness. He ascended to heaven where, at God's right hand, He intercedes for His people and rules as Lord overall.<br/>\\u00a0\\u00a0\\u00a0 The true Church is composed of all such persons who through saving faith in Jesus Christ have been regenerated by the Holy Spirit and are united together in the body of Christ. The Holy Spirit is a Person, and is possessed of all the distinctively divine attributes. He is God.\\u00a0 God's redemptive purpose will be consummated by the return of Christ to raise the dead, to judge all people according to the deeds done in the body and to establish His glorious kingdom. All those who receive Jesus Christ as their Savior and their Lord, and who confess Him as such, become children of God and receive eternal life, and become heirs of God. At death their spirits depart to be with Christ in conscious blessedness, and at the Second Coming of Christ their bodies shall be raised and transformed into glorious bodies. They shall live and reign with Him forever.<br/>\\u00a0\\u00a0\\u00a0 The wicked shall be separated from God's presence. All those who persistently reject Jesus Christ in the present life shall be raised from the dead and throughout eternity exist in the state of conscious, endless torment and anguish in hell. Satan, an evil being of cunningness, shall ultimately be cast into the lake of fire and brimstone and shall be tormented day and night forever.\\u00a0 We believe in Westminster Confession of Faith and Heidelberg Catechismas being faithful and truthful to the teachings of the Bible, and as best representing the conventional Reformed faith.<br/>\\u00a0\\u00a0\\u00a0 We denunciate liberalism and humanism, however, we believe that the faith rooted and centered on conservative faith that is derived from Calvinism\\u2019s reformed faith and faith centered on the Bible will revive today\\u2019s churches and will lead believers to their spiritual growth.<br/></p>", "slug": "statement-faith", "show_in_menus": true, "depth": 4, "live": true, "numchild": 0, "locked": false, "url_path": "/home/about/statement-faith/", "pk": 8}	\N	8	1
14	f	2015-08-11 09:15:21.010913-07	{"content_type": 21, "search_description": "", "path": "0001000100010004", "main_image": 5, "owner": 1, "subsection_title": "Statement of Faith", "seo_title": "", "expire_at": null, "go_live_at": null, "first_published_at": "2015-08-11T16:07:08.402Z", "latest_revision_created_at": "2015-08-11T16:07:17.753Z", "title": "Statement of Faith", "expired": false, "subsection_subtitle": "Statement of Faith", "has_unpublished_changes": false, "body": "<p>At Tyndale International University, we make a solemn declaration of faith on the basis of the Scriptures as follows:<br/><br/>\\u00a0\\u00a0\\u00a0 The Bible is the inerrant and divinely inspired word of God. There is one God, eternally existing and manifesting Himself to us in three Persons; the Father, the Son and the Holy Spirit.\\u00a0 God, by His Word and for His glory, freely created the world in six days from nothing and created man, male and female, in His own image, to have fellowship with Him. The existence of the creation is not explainable apart from the roles of God as the sovereign Creator and Sustainer of the entire natural realm. Concepts such as theistic or threshold evolution do not adequately explain the wonder of God\\u2019s creation.<br/>\\u00a0\\u00a0\\u00a0 Tempted by Satan, the whole human race fell in the fall of the first Adam. All men, until they accept the Lord Jesus as their personal Savior, are lost, darkened in their understanding, alienated from the life of God through the ignorance that is in them, hardened in heart, are are morally and spiritually dead through their trespasses and sins.\\u00a0 They cannot see, nor enter the kingdom of God until they are born again of the Holy Spirit.\\u00a0 The only Mediator between God and humankind is Jesus Christ our Lord, the eternal Son of God. Jesus Christ revealed His divine love and upheld divine justice through His death on the cross, in our place, revealing our guilt and reconciling us to God. All have sinned through Adam, but the gift of God is eternal life through Jesus Christ our Lord. Christ redeemed us from sin through His death on the cross. On the third day He rose bodily from the grave, victorious over death and power over darkness. He ascended to heaven where, at God's right hand, He intercedes for His people and rules as Lord overall.<br/>\\u00a0\\u00a0\\u00a0 The true Church is composed of all such persons who through saving faith in Jesus Christ have been regenerated by the Holy Spirit and are united together in the body of Christ. The Holy Spirit is a Person, and is possessed of all the distinctively divine attributes. He is God.\\u00a0 God's redemptive purpose will be consummated by the return of Christ to raise the dead, to judge all people according to the deeds done in the body and to establish His glorious kingdom. All those who receive Jesus Christ as their Savior and their Lord, and who confess Him as such, become children of God and receive eternal life, and become heirs of God. At death their spirits depart to be with Christ in conscious blessedness, and at the Second Coming of Christ their bodies shall be raised and transformed into glorious bodies. They shall live and reign with Him forever.<br/>\\u00a0\\u00a0\\u00a0 The wicked shall be separated from God's presence. All those who persistently reject Jesus Christ in the present life shall be raised from the dead and throughout eternity exist in the state of conscious, endless torment and anguish in hell. Satan, an evil being of cunningness, shall ultimately be cast into the lake of fire and brimstone and shall be tormented day and night forever.\\u00a0 We believe in Westminster Confession of Faith and Heidelberg Catechismas being faithful and truthful to the teachings of the Bible, and as best representing the conventional Reformed faith.<br/>\\u00a0\\u00a0\\u00a0 We denunciate liberalism and humanism, however, we believe that the faith rooted and centered on conservative faith that is derived from Calvinism\\u2019s reformed faith and faith centered on the Bible will revive today\\u2019s churches and will lead believers to their spiritual growth.<br/></p>", "slug": "faith", "show_in_menus": true, "depth": 4, "live": true, "numchild": 0, "locked": false, "url_path": "/home/about/statement-faith/", "pk": 8}	\N	8	1
15	f	2015-08-11 09:45:28.120476-07	{"search_description": "", "path": "0001000100010005", "show_in_menus": true, "third_column_name": "Julia Son", "subsection_title": "Administration and Staff", "expire_at": null, "go_live_at": null, "depth": 4, "third_column_header": "ADMINISTRATION", "latest_revision_created_at": null, "first_column_name": "Frank J. Smith", "has_unpublished_changes": false, "first_column_image": 6, "second_column_image": 7, "title": "Administration / Staff", "first_published_at": null, "fourth_column_name": "Young Rang Lee", "first_column_header": "ADMINISTRATION", "second_column_name": "James Sang-Mok Park", "first_column_spec": "<p>D.D., Methodist Episcopal Church USA.<br/>Ph.D., City University of New York.<br/>M.Phil., City University of New York.<br/>Th.M., Westminster Theological Seminary.<br/>M.Div., Westminster Theological Seminary.<br/>B.A., Covenant College.<br/></p>", "third_column_image": 8, "content_type": 22, "url_path": "/home/about/staff/", "second_column_position": "Academic Dean", "fourth_column_header": "STAFF", "owner": 1, "fourth_column_image": 9, "fifth_column_position": "Media / Web Master", "fifth_column_header": "STAFF", "seo_title": "", "numchild": 0, "first_column_position": "president", "second_column_header": "ADMINISTRATION", "third_column_position": "Assistant Treasurer/Financial ", "expired": false, "second_column_spec": "<p>Ph.D. candi., Trinity Theological Seminary.<br/>D.Miss., Reformed Theological Seminary<br/>Th.M., Reformed Theological Seminary.<br/>M.A., Reformed Theological Seminary.<br/>M.Div., Reformed Theological Seminary.<br/>B.S., West Virginia University Tech.<br/></p>", "slug": "staff", "fourth_column_position": "Secretary", "pk": 9, "live": true, "fifth_column_name": "Tae Hwan Kim ", "locked": false, "subsection_subtitle": "Administration and Staff of Tiu", "fifth_column_image": 10}	\N	9	1
17	f	2015-08-11 09:49:01.121584-07	{"content_type": 24, "search_description": "", "path": "0001000100020001", "owner": 1, "subsection_title": "Academics Programs", "seo_title": "", "expire_at": null, "go_live_at": null, "first_published_at": null, "latest_revision_created_at": null, "title": "Academics Programs", "expired": false, "subsection_subtitle": "Academics Programs", "has_unpublished_changes": false, "slug": "academics-programs", "show_in_menus": true, "depth": 4, "live": true, "numchild": 0, "locked": false, "url_path": "/home/academics/academics-programs/", "pk": 11}	\N	11	1
16	f	2015-08-11 09:48:07.762436-07	{"content_type": 23, "search_description": "", "path": "000100010002", "main_image": 11, "owner": 1, "subsection_title": "Academics", "seo_title": "", "expire_at": null, "go_live_at": null, "first_published_at": null, "latest_revision_created_at": null, "title": "Academics", "expired": false, "subsection_subtitle": "Academic information", "has_unpublished_changes": false, "body": "<p>Student Records<br/><br/>\\u00a0\\u00a0\\u00a0 The Family Educational Rights and Privacy Act of 1974 as amended govern the release of information from the student\\u2019s permanent record. Federal law provides for the release of information to Tyndale International University personnel who have a legitimate educational interest or to certain government officials.<br/>The student's academic file is the sole property of Tyndale International University, and student records are confidential. The University policy is to maintain the confidentiality of student academic records. The University will not release copies of documents of course work from other institutions attended. No one outside of the institution shall have access to, nor will the University disclose, any information from a student's academic records without the written consent of the student, except for the following: officials of other istitutions in which the student seeks to enroll, persons or organizations providing student financial aid, and accrediting agencies.\\u00a0 Furthermore, the University may disclose said information in compliance with a judicial order.<br/><br/>Student files will be kept for 5 years and transcripts will be kept indefinitely.<br/><br/>\\u00a0\\u00a0\\u00a0 Students have the right to inspect their own academic records during normal business hours. All requests for access to academic records shall be presented in writing to the Registrar's office. Students who believe that their academic records contain inaccurate or misleading information may discuss their concerns informally with the Registrar as well.<br/></p>", "slug": "academics", "show_in_menus": true, "depth": 3, "live": true, "numchild": 0, "locked": false, "url_path": "/home/academics/", "pk": 10}	\N	10	1
18	f	2015-08-11 09:50:18.051028-07	{"content_type": 28, "search_description": "", "path": "0001000100020002", "owner": 1, "subsection_title": "Faculty", "seo_title": "", "expire_at": null, "tab_title_2": "Adjunct Faculty", "go_live_at": null, "first_published_at": null, "latest_revision_created_at": null, "title": "Faculty", "expired": false, "subsection_subtitle": "Faculties of TIU", "has_unpublished_changes": false, "slug": "faculty", "show_in_menus": true, "depth": 4, "tab_title_1": "Faculty", "live": true, "numchild": 0, "locked": false, "url_path": "/home/academics/faculty/", "pk": 12}	\N	12	1
19	f	2015-08-11 09:56:45.559571-07	{"content_type": 25, "search_description": "", "path": "000100010003", "main_image": 12, "owner": 1, "subsection_title": "Admission", "seo_title": "", "expire_at": null, "go_live_at": null, "first_published_at": null, "latest_revision_created_at": null, "title": "Admission", "expired": false, "subsection_subtitle": "Admission Information", "has_unpublished_changes": false, "body": "<p>Admission decisions are based upon both objective and subjective criteria. An applicant's previous academic record is an important predictor of his/her ability to succeed at the masters and doctoral level. Personal and/or professional letters of recommendation are included in the admission process for entrance into the programs.<br/>Finally, a personal interview with a college administrator is required of all applicants. The University admits students of any race, color, creed, and sex, regardless of national or ethnic origin or physical handicap. Students must understand that Tyndale International University is a Christian University that provides training from a decidedly Reformed Christian worldview.</p><p>* Tyndale International University does not grant I-20's nor is approved to grant I-20's to foreign students.<br/><br/><b>Application Procedures</b><br/><br/>\\u00a0\\u00a0\\u00a0 Admission is granted to applicants who demonstrate the ability to undertake successfully study and research at the<br/>undergraduate or the graduate level. Admission is granted to students who meet the following requirements:<br/><br/><b>Admission Process</b><br/><br/>\\u00a0\\u00a0\\u00a0 Students must contact the admissions office and obtain an application packet. The packet will contain the required<br/>application and forms needed for submission. The student must also contact all relevant institutions for submission of transcripts attesting to his academic qualifications from undergraduate institutions for master degree admission. The student must insure that all required scores are submitted to the institution attesting to Assessment, if applicable. It is the student's responsibility to insure that all documents and forms are submitted to the admissions office. Once the university receives all required documents and forms, the student's application file will be deemed complete and a decision by the Admission Committee will be made concerning the student's admission to the school. Admission decisions will be made within 30 days of receiving all required documentation.<br/>\\u00a0\\u00a0\\u00a0 Students will not be admitted to the school without the required documentation submitted and registration fees<br/>paid. Admission is granted for a period of one year. If an applicant does not accept his admission or fails to matriculate after one year acceptance, the applicant will need to go through the admission process again as a new student. This will mean that the applicant must submit a new non-refundable registration fee and an application and all required documents, forms and information required for admission to their selected program. Previous admission does not guarantee readmission. Admission requirements per program are as follows:<br/><br/>1. Certificate Program Admission Requirements: \\u00a0 \\u00a0</p><p>\\u00a0 In order to be admitted into the institution's Certificate program, the student must:</p><p>\\u00a0 1) Provide the institution with a completed application with a recent photo affixed.<br/>\\u00a0 2) Submit proof of completion of a high school education, G.E.D. or equivalent education. Proof can be made by submission of official copies of transcripts of a high school diploma, G.E.D. or other equivalent high school completion. High School course work must evidence a G.P.A. of 2.0 or G.E.D. of satisfactory completion. Students who do not have a traditional high school education may be required to take an independently administered entrance test given by the school to determine adequate skills for entrance.<br/>\\u00a0 3)\\u00a0Submission of a statement of Christian faith along with two letters of recommendation attesting to his Christian maturity and character.<br/>\\u00a0 4)\\u00a0Submit a non-refundable application fee of $100.\\u00a0</p><p>Admission will be done by reviewing all factors as a whole, not on one indicator only. Review will be finalized by\\u00a0 the Admission Committee.</p><p><br/>2. Bachelor Degree Program Admission Requirements: \\u00a0\\u00a0</p><p>\\u00a0 In order to be admitted into the institution's Bachelor degree program, the student must:</p><p>\\u00a0 1) Provide the institution with a completed application with a recent photo affixed.<br/>\\u00a0 2)\\u00a0Submit proof of completion of a high school education, G.E.D. or equivalent education. Proof can be made by submission of official copies of transcripts of a high school diploma, G.E.D. or other equivalent high school completion. High School course work must evidence a G.P.A. of 2.0 or G.E.D. of satisfactory completion. Students who do not have a traditional high school education may be required to take an independently administered entrance test given by the school to determine adequate skills for entrance into the university.<br/>\\u00a0 3) Submission of a statement of Christian faith along with two letters of recommendation attesting to his Christian maturity and character.<br/>\\u00a0 4)\\u00a0Submit a non-refundable application fee of $100.</p><p><br/>Admission will be done by reviewing all factors as a whole, not on one indicator only. Review will be finalized by the Admission Committee.<br/><br/>3. Master Degree Programs Admission Requirements: \\u00a0</p><p>\\u00a0 In order to be admitted into the institution's Master degree programs, the student must:</p><p>\\u00a0 1) Provide the institution with a completed application with a recent photo affixed.<br/>\\u00a0 2)\\u00a0Demonstrate that he has completed a bachelor degree with a minimum grade average of 2.0 in all course work. Bachelor degrees must be earned from either colleges or universities that have been approved by an appropriate state agency. Bachelor degrees earned from institutions outside the U.S. will be evaluated using standards published by the American Association of Collegiate Registrars and Admissions officers for equivalency. Proof will be evidenced by submission of official copies of transcripts of all undergraduate work completed.<br/>\\u00a0 3)\\u00a0Submit a statement of Christian faith along with two letters of recommendation attesting to his Christian maturity character.<br/>\\u00a0 4)\\u00a0Submit a statement of around 200 words outlining his career and ministry objectives and how the attainment of the degree will facilitate these goals.<br/>\\u00a0 5)\\u00a0Submit a non-refundable application fee of $100.</p><p><br/>Admission will be done by reviewing all factors as a whole, not on one indicator only. Review will be finalized by the Admission Committee.<br/><br/>4. Doctor Degree Programs Admission Requirements:</p><p>\\u00a0 In order to be admitted into the institution's Doctor degree programs, the student must:</p><p>\\u00a0 1)\\u00a0Provide the institution with a completed application with a recent photo affixed.<br/>\\u00a0 2)\\u00a0Demonstrate that he has completed a bachelor and M.Div. or equivalent degree with a minimum grade average of 3.0 in all course work. Bachelor and Master degrees must be earned from either colleges or universities that have been approved by an appropriate state agency. Bachelor and Master degrees earned from institutions outside the U.S. will be evaluated using standards published by the American Association of Collegiate Registrars and Admissions officers for equivalency. Proof will be evidenced by submission of official copies of transcripts of all undergraduate work completed.<br/>\\u00a0 3)\\u00a0Submit a statement of Christian faith along with two letters of recommendation attesting to his Christian maturity character.<br/>\\u00a0 4) Submit a statement of around 200 words outlining their career and ministry objectives and how the attainment of the degree will facilitate these goals.<br/>\\u00a0 5) Submit a non-refundable application fee of $100.</p><p><br/>Admission will be done by reviewing all factors as a whole, not on one indicator only. Review will be finalized by the \\u00a0 \\u00a0 Admission Committee.<br/></p>", "slug": "admission", "show_in_menus": true, "depth": 3, "live": true, "numchild": 0, "locked": false, "url_path": "/home/admission/", "pk": 13}	\N	13	1
\.


--
-- Name: wagtailcore_pagerevision_id_seq; Type: SEQUENCE SET; Schema: public; Owner: -
--

SELECT pg_catalog.setval('wagtailcore_pagerevision_id_seq', 20, true);


--
-- Data for Name: wagtailcore_pageviewrestriction; Type: TABLE DATA; Schema: public; Owner: -
--

COPY wagtailcore_pageviewrestriction (id, password, page_id) FROM stdin;
\.


--
-- Name: wagtailcore_pageviewrestriction_id_seq; Type: SEQUENCE SET; Schema: public; Owner: -
--

SELECT pg_catalog.setval('wagtailcore_pageviewrestriction_id_seq', 1, false);


--
-- Data for Name: wagtailcore_site; Type: TABLE DATA; Schema: public; Owner: -
--

COPY wagtailcore_site (id, hostname, port, is_default_site, root_page_id) FROM stdin;
2	localhost	80	t	3
\.


--
-- Name: wagtailcore_site_id_seq; Type: SEQUENCE SET; Schema: public; Owner: -
--

SELECT pg_catalog.setval('wagtailcore_site_id_seq', 2, true);


--
-- Data for Name: wagtaildocs_document; Type: TABLE DATA; Schema: public; Owner: -
--

COPY wagtaildocs_document (id, title, file, created_at, uploaded_by_user_id) FROM stdin;
\.


--
-- Name: wagtaildocs_document_id_seq; Type: SEQUENCE SET; Schema: public; Owner: -
--

SELECT pg_catalog.setval('wagtaildocs_document_id_seq', 1, false);


--
-- Data for Name: wagtailembeds_embed; Type: TABLE DATA; Schema: public; Owner: -
--

COPY wagtailembeds_embed (id, url, max_width, type, html, title, author_name, provider_name, thumbnail_url, width, height, last_updated) FROM stdin;
\.


--
-- Name: wagtailembeds_embed_id_seq; Type: SEQUENCE SET; Schema: public; Owner: -
--

SELECT pg_catalog.setval('wagtailembeds_embed_id_seq', 1, false);


--
-- Data for Name: wagtailforms_formsubmission; Type: TABLE DATA; Schema: public; Owner: -
--

COPY wagtailforms_formsubmission (id, form_data, submit_time, page_id) FROM stdin;
\.


--
-- Name: wagtailforms_formsubmission_id_seq; Type: SEQUENCE SET; Schema: public; Owner: -
--

SELECT pg_catalog.setval('wagtailforms_formsubmission_id_seq', 1, false);


--
-- Data for Name: wagtailimages_filter; Type: TABLE DATA; Schema: public; Owner: -
--

COPY wagtailimages_filter (id, spec) FROM stdin;
1	max-130x100
2	max-130x130
3	max-750x300
4	max-165x165
5	max-340x480
6	max-324x324
7	max-150x200
\.


--
-- Name: wagtailimages_filter_id_seq; Type: SEQUENCE SET; Schema: public; Owner: -
--

SELECT pg_catalog.setval('wagtailimages_filter_id_seq', 7, true);


--
-- Data for Name: wagtailimages_image; Type: TABLE DATA; Schema: public; Owner: -
--

COPY wagtailimages_image (id, title, file, width, height, created_at, focal_point_x, focal_point_y, focal_point_width, focal_point_height, uploaded_by_user_id) FROM stdin;
1	about-tyndale-image	original_images/William-Tyndale_620_osLvvgM.jpg	749	300	2015-08-10 19:52:48.863491-07	\N	\N	\N	\N	1
2	frank	original_images/Frank_nvPgmuJ.png	342	480	2015-08-10 21:18:03.215028-07	\N	\N	\N	\N	1
3	daniel	original_images/Daniel-342x480_SesDSvc.png	342	478	2015-08-10 21:19:53.507672-07	\N	\N	\N	\N	1
4	mission-image	original_images/mission-banner2_hK0JCxj.png	751	297	2015-08-11 08:59:57.097732-07	\N	\N	\N	\N	1
5	faith-image	original_images/faith-banner2_eCC4SEQ.png	751	302	2015-08-11 09:06:59.354533-07	\N	\N	\N	\N	1
6	frank-staff	original_images/frank-sq_2FcnhpK.png	324	324	2015-08-11 09:42:44.075281-07	\N	\N	\N	\N	1
7	james-staff	original_images/park-sq2_tmxmXQp.png	323	323	2015-08-11 09:43:31.872885-07	\N	\N	\N	\N	1
8	julia-staff	original_images/Julia-sq_THl65IV.jpg	322	324	2015-08-11 09:44:19.077118-07	\N	\N	\N	\N	1
9	rang-staff	original_images/rang-sq_4BUFSAf.png	324	323	2015-08-11 09:44:42.987843-07	\N	\N	\N	\N	1
10	hwan-staff	original_images/hwan-sq_CdPKHTD.png	323	323	2015-08-11 09:45:06.193542-07	\N	\N	\N	\N	1
11	academic-image	original_images/academics_deVzDCN.jpg	748	300	2015-08-11 09:47:48.683067-07	\N	\N	\N	\N	1
12	admission-image	original_images/admission-page_5tp5iNu.png	748	300	2015-08-11 09:51:02.775974-07	\N	\N	\N	\N	1
\.


--
-- Name: wagtailimages_image_id_seq; Type: SEQUENCE SET; Schema: public; Owner: -
--

SELECT pg_catalog.setval('wagtailimages_image_id_seq', 12, true);


--
-- Data for Name: wagtailimages_rendition; Type: TABLE DATA; Schema: public; Owner: -
--

COPY wagtailimages_rendition (id, file, width, height, focal_point_key, filter_id, image_id) FROM stdin;
1	images/William-Tyndale_620_osLvvgM.max-130x100.jpg	130	52		1	1
2	images/William-Tyndale_620_osLvvgM.max-130x130.jpg	130	52		2	1
3	images/William-Tyndale_620_osLvvgM.max-750x300.jpg	749	300		3	1
4	images/William-Tyndale_620_osLvvgM.max-165x165.jpg	165	66		4	1
5	images/Frank_nvPgmuJ.max-130x100.png	71	100		1	2
6	images/Frank_nvPgmuJ.max-340x480.png	340	477		5	2
7	images/Frank_nvPgmuJ.max-130x130.png	92	130		2	2
8	images/Frank_nvPgmuJ.max-165x165.png	117	165		4	2
9	images/Daniel-342x480_SesDSvc.max-130x100.png	71	100		1	3
10	images/Daniel-342x480_SesDSvc.max-130x130.png	93	130		2	3
11	images/Daniel-342x480_SesDSvc.max-340x480.png	340	475		5	3
12	images/Daniel-342x480_SesDSvc.max-165x165.png	118	165		4	3
13	images/mission-banner2_hK0JCxj.max-130x100.png	130	51		1	4
14	images/mission-banner2_hK0JCxj.max-130x130.png	130	51		2	4
15	images/mission-banner2_hK0JCxj.max-165x165.png	165	65		4	4
16	images/faith-banner2_eCC4SEQ.max-130x100.png	130	52		1	5
17	images/faith-banner2_eCC4SEQ.max-130x130.png	130	52		2	5
18	images/faith-banner2_eCC4SEQ.max-165x165.png	165	66		4	5
19	images/frank-sq_2FcnhpK.max-130x100.png	100	100		1	6
20	images/frank-sq_2FcnhpK.max-165x165.png	165	165		4	6
21	images/park-sq2_tmxmXQp.max-130x100.png	100	100		1	7
22	images/park-sq2_tmxmXQp.max-165x165.png	165	165		4	7
23	images/Julia-sq_THl65IV.max-130x100.jpg	99	100		1	8
24	images/Julia-sq_THl65IV.max-165x165.jpg	163	165		4	8
25	images/rang-sq_4BUFSAf.max-130x100.png	100	100		1	9
26	images/rang-sq_4BUFSAf.max-165x165.png	165	164		4	9
27	images/hwan-sq_CdPKHTD.max-130x100.png	100	100		1	10
28	images/frank-sq_2FcnhpK.max-324x324.png	324	324		6	6
29	images/park-sq2_tmxmXQp.max-324x324.png	323	323		6	7
30	images/Julia-sq_THl65IV.max-324x324.jpg	322	324		6	8
31	images/rang-sq_4BUFSAf.max-324x324.png	324	323		6	9
32	images/hwan-sq_CdPKHTD.max-324x324.png	323	323		6	10
33	images/hwan-sq_CdPKHTD.max-165x165.png	165	165		4	10
34	images/academics_deVzDCN.max-130x100.jpg	130	52		1	11
35	images/academics_deVzDCN.max-130x130.jpg	130	52		2	11
36	images/academics_deVzDCN.max-165x165.jpg	165	66		4	11
37	images/admission-page_5tp5iNu.max-130x100.png	130	52		1	12
38	images/admission-page_5tp5iNu.max-750x300.png	748	300		3	12
39	images/admission-page_5tp5iNu.max-165x165.png	165	66		4	12
40	images/Frank_nvPgmuJ.max-150x200.png	142	200		7	2
41	images/park-sq2_tmxmXQp.max-150x200.png	150	150		7	7
42	images/Daniel-342x480_SesDSvc.max-150x200.png	143	200		7	3
43	images/academics_deVzDCN.max-750x300.jpg	748	300		3	11
44	images/mission-banner2_hK0JCxj.max-750x300.png	750	296		3	4
45	images/faith-banner2_eCC4SEQ.max-750x300.png	746	300		3	5
\.


--
-- Name: wagtailimages_rendition_id_seq; Type: SEQUENCE SET; Schema: public; Owner: -
--

SELECT pg_catalog.setval('wagtailimages_rendition_id_seq', 45, true);


--
-- Data for Name: wagtailredirects_redirect; Type: TABLE DATA; Schema: public; Owner: -
--

COPY wagtailredirects_redirect (id, old_path, is_permanent, redirect_link, redirect_page_id, site_id) FROM stdin;
\.


--
-- Name: wagtailredirects_redirect_id_seq; Type: SEQUENCE SET; Schema: public; Owner: -
--

SELECT pg_catalog.setval('wagtailredirects_redirect_id_seq', 1, false);


--
-- Data for Name: wagtailsearch_editorspick; Type: TABLE DATA; Schema: public; Owner: -
--

COPY wagtailsearch_editorspick (id, sort_order, description, page_id, query_id) FROM stdin;
\.


--
-- Name: wagtailsearch_editorspick_id_seq; Type: SEQUENCE SET; Schema: public; Owner: -
--

SELECT pg_catalog.setval('wagtailsearch_editorspick_id_seq', 1, false);


--
-- Data for Name: wagtailsearch_query; Type: TABLE DATA; Schema: public; Owner: -
--

COPY wagtailsearch_query (id, query_string) FROM stdin;
\.


--
-- Name: wagtailsearch_query_id_seq; Type: SEQUENCE SET; Schema: public; Owner: -
--

SELECT pg_catalog.setval('wagtailsearch_query_id_seq', 1, false);


--
-- Data for Name: wagtailsearch_querydailyhits; Type: TABLE DATA; Schema: public; Owner: -
--

COPY wagtailsearch_querydailyhits (id, date, hits, query_id) FROM stdin;
\.


--
-- Name: wagtailsearch_querydailyhits_id_seq; Type: SEQUENCE SET; Schema: public; Owner: -
--

SELECT pg_catalog.setval('wagtailsearch_querydailyhits_id_seq', 1, false);


--
-- Data for Name: wagtailusers_userprofile; Type: TABLE DATA; Schema: public; Owner: -
--

COPY wagtailusers_userprofile (id, submitted_notifications, approved_notifications, rejected_notifications, user_id) FROM stdin;
\.


--
-- Name: wagtailusers_userprofile_id_seq; Type: SEQUENCE SET; Schema: public; Owner: -
--

SELECT pg_catalog.setval('wagtailusers_userprofile_id_seq', 1, false);


--
-- Name: auth_group_name_key; Type: CONSTRAINT; Schema: public; Owner: -; Tablespace: 
--

ALTER TABLE ONLY auth_group
    ADD CONSTRAINT auth_group_name_key UNIQUE (name);


--
-- Name: auth_group_permissions_group_id_permission_id_key; Type: CONSTRAINT; Schema: public; Owner: -; Tablespace: 
--

ALTER TABLE ONLY auth_group_permissions
    ADD CONSTRAINT auth_group_permissions_group_id_permission_id_key UNIQUE (group_id, permission_id);


--
-- Name: auth_group_permissions_pkey; Type: CONSTRAINT; Schema: public; Owner: -; Tablespace: 
--

ALTER TABLE ONLY auth_group_permissions
    ADD CONSTRAINT auth_group_permissions_pkey PRIMARY KEY (id);


--
-- Name: auth_group_pkey; Type: CONSTRAINT; Schema: public; Owner: -; Tablespace: 
--

ALTER TABLE ONLY auth_group
    ADD CONSTRAINT auth_group_pkey PRIMARY KEY (id);


--
-- Name: auth_permission_content_type_id_codename_key; Type: CONSTRAINT; Schema: public; Owner: -; Tablespace: 
--

ALTER TABLE ONLY auth_permission
    ADD CONSTRAINT auth_permission_content_type_id_codename_key UNIQUE (content_type_id, codename);


--
-- Name: auth_permission_pkey; Type: CONSTRAINT; Schema: public; Owner: -; Tablespace: 
--

ALTER TABLE ONLY auth_permission
    ADD CONSTRAINT auth_permission_pkey PRIMARY KEY (id);


--
-- Name: customuser_user_email_key; Type: CONSTRAINT; Schema: public; Owner: -; Tablespace: 
--

ALTER TABLE ONLY customuser_user
    ADD CONSTRAINT customuser_user_email_key UNIQUE (email);


--
-- Name: customuser_user_groups_pkey; Type: CONSTRAINT; Schema: public; Owner: -; Tablespace: 
--

ALTER TABLE ONLY customuser_user_groups
    ADD CONSTRAINT customuser_user_groups_pkey PRIMARY KEY (id);


--
-- Name: customuser_user_groups_user_id_group_id_key; Type: CONSTRAINT; Schema: public; Owner: -; Tablespace: 
--

ALTER TABLE ONLY customuser_user_groups
    ADD CONSTRAINT customuser_user_groups_user_id_group_id_key UNIQUE (user_id, group_id);


--
-- Name: customuser_user_pkey; Type: CONSTRAINT; Schema: public; Owner: -; Tablespace: 
--

ALTER TABLE ONLY customuser_user
    ADD CONSTRAINT customuser_user_pkey PRIMARY KEY (id);


--
-- Name: customuser_user_user_permissions_pkey; Type: CONSTRAINT; Schema: public; Owner: -; Tablespace: 
--

ALTER TABLE ONLY customuser_user_user_permissions
    ADD CONSTRAINT customuser_user_user_permissions_pkey PRIMARY KEY (id);


--
-- Name: customuser_user_user_permissions_user_id_permission_id_key; Type: CONSTRAINT; Schema: public; Owner: -; Tablespace: 
--

ALTER TABLE ONLY customuser_user_user_permissions
    ADD CONSTRAINT customuser_user_user_permissions_user_id_permission_id_key UNIQUE (user_id, permission_id);


--
-- Name: django_admin_log_pkey; Type: CONSTRAINT; Schema: public; Owner: -; Tablespace: 
--

ALTER TABLE ONLY django_admin_log
    ADD CONSTRAINT django_admin_log_pkey PRIMARY KEY (id);


--
-- Name: django_content_type_app_label_dc43af67bcef15c_uniq; Type: CONSTRAINT; Schema: public; Owner: -; Tablespace: 
--

ALTER TABLE ONLY django_content_type
    ADD CONSTRAINT django_content_type_app_label_dc43af67bcef15c_uniq UNIQUE (app_label, model);


--
-- Name: django_content_type_pkey; Type: CONSTRAINT; Schema: public; Owner: -; Tablespace: 
--

ALTER TABLE ONLY django_content_type
    ADD CONSTRAINT django_content_type_pkey PRIMARY KEY (id);


--
-- Name: django_migrations_pkey; Type: CONSTRAINT; Schema: public; Owner: -; Tablespace: 
--

ALTER TABLE ONLY django_migrations
    ADD CONSTRAINT django_migrations_pkey PRIMARY KEY (id);


--
-- Name: django_session_pkey; Type: CONSTRAINT; Schema: public; Owner: -; Tablespace: 
--

ALTER TABLE ONLY django_session
    ADD CONSTRAINT django_session_pkey PRIMARY KEY (session_key);


--
-- Name: easy_thumbnails_source_pkey; Type: CONSTRAINT; Schema: public; Owner: -; Tablespace: 
--

ALTER TABLE ONLY easy_thumbnails_source
    ADD CONSTRAINT easy_thumbnails_source_pkey PRIMARY KEY (id);


--
-- Name: easy_thumbnails_source_storage_hash_98d060f8ac60bfa_uniq; Type: CONSTRAINT; Schema: public; Owner: -; Tablespace: 
--

ALTER TABLE ONLY easy_thumbnails_source
    ADD CONSTRAINT easy_thumbnails_source_storage_hash_98d060f8ac60bfa_uniq UNIQUE (storage_hash, name);


--
-- Name: easy_thumbnails_thumbnail_pkey; Type: CONSTRAINT; Schema: public; Owner: -; Tablespace: 
--

ALTER TABLE ONLY easy_thumbnails_thumbnail
    ADD CONSTRAINT easy_thumbnails_thumbnail_pkey PRIMARY KEY (id);


--
-- Name: easy_thumbnails_thumbnail_storage_hash_395d1722d4748222_uniq; Type: CONSTRAINT; Schema: public; Owner: -; Tablespace: 
--

ALTER TABLE ONLY easy_thumbnails_thumbnail
    ADD CONSTRAINT easy_thumbnails_thumbnail_storage_hash_395d1722d4748222_uniq UNIQUE (storage_hash, name, source_id);


--
-- Name: easy_thumbnails_thumbnaildimensions_pkey; Type: CONSTRAINT; Schema: public; Owner: -; Tablespace: 
--

ALTER TABLE ONLY easy_thumbnails_thumbnaildimensions
    ADD CONSTRAINT easy_thumbnails_thumbnaildimensions_pkey PRIMARY KEY (id);


--
-- Name: easy_thumbnails_thumbnaildimensions_thumbnail_id_key; Type: CONSTRAINT; Schema: public; Owner: -; Tablespace: 
--

ALTER TABLE ONLY easy_thumbnails_thumbnaildimensions
    ADD CONSTRAINT easy_thumbnails_thumbnaildimensions_thumbnail_id_key UNIQUE (thumbnail_id);


--
-- Name: home_aboutpage_pkey; Type: CONSTRAINT; Schema: public; Owner: -; Tablespace: 
--

ALTER TABLE ONLY home_aboutpage
    ADD CONSTRAINT home_aboutpage_pkey PRIMARY KEY (page_ptr_id);


--
-- Name: home_academicpage_pkey; Type: CONSTRAINT; Schema: public; Owner: -; Tablespace: 
--

ALTER TABLE ONLY home_academicpage
    ADD CONSTRAINT home_academicpage_pkey PRIMARY KEY (page_ptr_id);


--
-- Name: home_academicprogrampage_pkey; Type: CONSTRAINT; Schema: public; Owner: -; Tablespace: 
--

ALTER TABLE ONLY home_academicprogrampage
    ADD CONSTRAINT home_academicprogrampage_pkey PRIMARY KEY (page_ptr_id);


--
-- Name: home_academicprograms_pkey; Type: CONSTRAINT; Schema: public; Owner: -; Tablespace: 
--

ALTER TABLE ONLY home_academicprograms
    ADD CONSTRAINT home_academicprograms_pkey PRIMARY KEY (id);


--
-- Name: home_adjunctprofessor_pkey; Type: CONSTRAINT; Schema: public; Owner: -; Tablespace: 
--

ALTER TABLE ONLY home_adjunctprofessor
    ADD CONSTRAINT home_adjunctprofessor_pkey PRIMARY KEY (id);


--
-- Name: home_admissionpage_pkey; Type: CONSTRAINT; Schema: public; Owner: -; Tablespace: 
--

ALTER TABLE ONLY home_admissionpage
    ADD CONSTRAINT home_admissionpage_pkey PRIMARY KEY (page_ptr_id);


--
-- Name: home_chairmanpage_pkey; Type: CONSTRAINT; Schema: public; Owner: -; Tablespace: 
--

ALTER TABLE ONLY home_chairmanpage
    ADD CONSTRAINT home_chairmanpage_pkey PRIMARY KEY (page_ptr_id);


--
-- Name: home_contactpage_pkey; Type: CONSTRAINT; Schema: public; Owner: -; Tablespace: 
--

ALTER TABLE ONLY home_contactpage
    ADD CONSTRAINT home_contactpage_pkey PRIMARY KEY (page_ptr_id);


--
-- Name: home_course_pkey; Type: CONSTRAINT; Schema: public; Owner: -; Tablespace: 
--

ALTER TABLE ONLY home_course
    ADD CONSTRAINT home_course_pkey PRIMARY KEY (id);


--
-- Name: home_facultypage_pkey; Type: CONSTRAINT; Schema: public; Owner: -; Tablespace: 
--

ALTER TABLE ONLY home_facultypage
    ADD CONSTRAINT home_facultypage_pkey PRIMARY KEY (page_ptr_id);


--
-- Name: home_faithpage_pkey; Type: CONSTRAINT; Schema: public; Owner: -; Tablespace: 
--

ALTER TABLE ONLY home_faithpage
    ADD CONSTRAINT home_faithpage_pkey PRIMARY KEY (page_ptr_id);


--
-- Name: home_formfield_pkey; Type: CONSTRAINT; Schema: public; Owner: -; Tablespace: 
--

ALTER TABLE ONLY home_formfield
    ADD CONSTRAINT home_formfield_pkey PRIMARY KEY (id);


--
-- Name: home_homepage_pkey; Type: CONSTRAINT; Schema: public; Owner: -; Tablespace: 
--

ALTER TABLE ONLY home_homepage
    ADD CONSTRAINT home_homepage_pkey PRIMARY KEY (page_ptr_id);


--
-- Name: home_missionpage_pkey; Type: CONSTRAINT; Schema: public; Owner: -; Tablespace: 
--

ALTER TABLE ONLY home_missionpage
    ADD CONSTRAINT home_missionpage_pkey PRIMARY KEY (page_ptr_id);


--
-- Name: home_presidentpage_pkey; Type: CONSTRAINT; Schema: public; Owner: -; Tablespace: 
--

ALTER TABLE ONLY home_presidentpage
    ADD CONSTRAINT home_presidentpage_pkey PRIMARY KEY (page_ptr_id);


--
-- Name: home_professor_pkey; Type: CONSTRAINT; Schema: public; Owner: -; Tablespace: 
--

ALTER TABLE ONLY home_professor
    ADD CONSTRAINT home_professor_pkey PRIMARY KEY (id);


--
-- Name: home_staffpage_pkey; Type: CONSTRAINT; Schema: public; Owner: -; Tablespace: 
--

ALTER TABLE ONLY home_staffpage
    ADD CONSTRAINT home_staffpage_pkey PRIMARY KEY (page_ptr_id);


--
-- Name: profiles_profile_pkey; Type: CONSTRAINT; Schema: public; Owner: -; Tablespace: 
--

ALTER TABLE ONLY profiles_profile
    ADD CONSTRAINT profiles_profile_pkey PRIMARY KEY (user_id);


--
-- Name: taggit_tag_name_key; Type: CONSTRAINT; Schema: public; Owner: -; Tablespace: 
--

ALTER TABLE ONLY taggit_tag
    ADD CONSTRAINT taggit_tag_name_key UNIQUE (name);


--
-- Name: taggit_tag_pkey; Type: CONSTRAINT; Schema: public; Owner: -; Tablespace: 
--

ALTER TABLE ONLY taggit_tag
    ADD CONSTRAINT taggit_tag_pkey PRIMARY KEY (id);


--
-- Name: taggit_tag_slug_key; Type: CONSTRAINT; Schema: public; Owner: -; Tablespace: 
--

ALTER TABLE ONLY taggit_tag
    ADD CONSTRAINT taggit_tag_slug_key UNIQUE (slug);


--
-- Name: taggit_taggeditem_pkey; Type: CONSTRAINT; Schema: public; Owner: -; Tablespace: 
--

ALTER TABLE ONLY taggit_taggeditem
    ADD CONSTRAINT taggit_taggeditem_pkey PRIMARY KEY (id);


--
-- Name: wagtailcore_grouppagepermission_group_id_4518bd8ce5687df9_uniq; Type: CONSTRAINT; Schema: public; Owner: -; Tablespace: 
--

ALTER TABLE ONLY wagtailcore_grouppagepermission
    ADD CONSTRAINT wagtailcore_grouppagepermission_group_id_4518bd8ce5687df9_uniq UNIQUE (group_id, page_id, permission_type);


--
-- Name: wagtailcore_grouppagepermission_pkey; Type: CONSTRAINT; Schema: public; Owner: -; Tablespace: 
--

ALTER TABLE ONLY wagtailcore_grouppagepermission
    ADD CONSTRAINT wagtailcore_grouppagepermission_pkey PRIMARY KEY (id);


--
-- Name: wagtailcore_page_path_key; Type: CONSTRAINT; Schema: public; Owner: -; Tablespace: 
--

ALTER TABLE ONLY wagtailcore_page
    ADD CONSTRAINT wagtailcore_page_path_key UNIQUE (path);


--
-- Name: wagtailcore_page_pkey; Type: CONSTRAINT; Schema: public; Owner: -; Tablespace: 
--

ALTER TABLE ONLY wagtailcore_page
    ADD CONSTRAINT wagtailcore_page_pkey PRIMARY KEY (id);


--
-- Name: wagtailcore_pagerevision_pkey; Type: CONSTRAINT; Schema: public; Owner: -; Tablespace: 
--

ALTER TABLE ONLY wagtailcore_pagerevision
    ADD CONSTRAINT wagtailcore_pagerevision_pkey PRIMARY KEY (id);


--
-- Name: wagtailcore_pageviewrestriction_pkey; Type: CONSTRAINT; Schema: public; Owner: -; Tablespace: 
--

ALTER TABLE ONLY wagtailcore_pageviewrestriction
    ADD CONSTRAINT wagtailcore_pageviewrestriction_pkey PRIMARY KEY (id);


--
-- Name: wagtailcore_site_hostname_2a80ef61b26e6749_uniq; Type: CONSTRAINT; Schema: public; Owner: -; Tablespace: 
--

ALTER TABLE ONLY wagtailcore_site
    ADD CONSTRAINT wagtailcore_site_hostname_2a80ef61b26e6749_uniq UNIQUE (hostname, port);


--
-- Name: wagtailcore_site_pkey; Type: CONSTRAINT; Schema: public; Owner: -; Tablespace: 
--

ALTER TABLE ONLY wagtailcore_site
    ADD CONSTRAINT wagtailcore_site_pkey PRIMARY KEY (id);


--
-- Name: wagtaildocs_document_pkey; Type: CONSTRAINT; Schema: public; Owner: -; Tablespace: 
--

ALTER TABLE ONLY wagtaildocs_document
    ADD CONSTRAINT wagtaildocs_document_pkey PRIMARY KEY (id);


--
-- Name: wagtailembeds_embed_pkey; Type: CONSTRAINT; Schema: public; Owner: -; Tablespace: 
--

ALTER TABLE ONLY wagtailembeds_embed
    ADD CONSTRAINT wagtailembeds_embed_pkey PRIMARY KEY (id);


--
-- Name: wagtailembeds_embed_url_7e0691a718dc9c01_uniq; Type: CONSTRAINT; Schema: public; Owner: -; Tablespace: 
--

ALTER TABLE ONLY wagtailembeds_embed
    ADD CONSTRAINT wagtailembeds_embed_url_7e0691a718dc9c01_uniq UNIQUE (url, max_width);


--
-- Name: wagtailforms_formsubmission_pkey; Type: CONSTRAINT; Schema: public; Owner: -; Tablespace: 
--

ALTER TABLE ONLY wagtailforms_formsubmission
    ADD CONSTRAINT wagtailforms_formsubmission_pkey PRIMARY KEY (id);


--
-- Name: wagtailimages_filter_pkey; Type: CONSTRAINT; Schema: public; Owner: -; Tablespace: 
--

ALTER TABLE ONLY wagtailimages_filter
    ADD CONSTRAINT wagtailimages_filter_pkey PRIMARY KEY (id);


--
-- Name: wagtailimages_filter_spec_409923649c6ba3fd_uniq; Type: CONSTRAINT; Schema: public; Owner: -; Tablespace: 
--

ALTER TABLE ONLY wagtailimages_filter
    ADD CONSTRAINT wagtailimages_filter_spec_409923649c6ba3fd_uniq UNIQUE (spec);


--
-- Name: wagtailimages_image_pkey; Type: CONSTRAINT; Schema: public; Owner: -; Tablespace: 
--

ALTER TABLE ONLY wagtailimages_image
    ADD CONSTRAINT wagtailimages_image_pkey PRIMARY KEY (id);


--
-- Name: wagtailimages_rendition_image_id_490eb468027bb6fd_uniq; Type: CONSTRAINT; Schema: public; Owner: -; Tablespace: 
--

ALTER TABLE ONLY wagtailimages_rendition
    ADD CONSTRAINT wagtailimages_rendition_image_id_490eb468027bb6fd_uniq UNIQUE (image_id, filter_id, focal_point_key);


--
-- Name: wagtailimages_rendition_pkey; Type: CONSTRAINT; Schema: public; Owner: -; Tablespace: 
--

ALTER TABLE ONLY wagtailimages_rendition
    ADD CONSTRAINT wagtailimages_rendition_pkey PRIMARY KEY (id);


--
-- Name: wagtailredirects_redirect_old_path_key; Type: CONSTRAINT; Schema: public; Owner: -; Tablespace: 
--

ALTER TABLE ONLY wagtailredirects_redirect
    ADD CONSTRAINT wagtailredirects_redirect_old_path_key UNIQUE (old_path);


--
-- Name: wagtailredirects_redirect_pkey; Type: CONSTRAINT; Schema: public; Owner: -; Tablespace: 
--

ALTER TABLE ONLY wagtailredirects_redirect
    ADD CONSTRAINT wagtailredirects_redirect_pkey PRIMARY KEY (id);


--
-- Name: wagtailsearch_editorspick_pkey; Type: CONSTRAINT; Schema: public; Owner: -; Tablespace: 
--

ALTER TABLE ONLY wagtailsearch_editorspick
    ADD CONSTRAINT wagtailsearch_editorspick_pkey PRIMARY KEY (id);


--
-- Name: wagtailsearch_query_pkey; Type: CONSTRAINT; Schema: public; Owner: -; Tablespace: 
--

ALTER TABLE ONLY wagtailsearch_query
    ADD CONSTRAINT wagtailsearch_query_pkey PRIMARY KEY (id);


--
-- Name: wagtailsearch_query_query_string_key; Type: CONSTRAINT; Schema: public; Owner: -; Tablespace: 
--

ALTER TABLE ONLY wagtailsearch_query
    ADD CONSTRAINT wagtailsearch_query_query_string_key UNIQUE (query_string);


--
-- Name: wagtailsearch_querydailyhits_pkey; Type: CONSTRAINT; Schema: public; Owner: -; Tablespace: 
--

ALTER TABLE ONLY wagtailsearch_querydailyhits
    ADD CONSTRAINT wagtailsearch_querydailyhits_pkey PRIMARY KEY (id);


--
-- Name: wagtailsearch_querydailyhits_query_id_79086747560278_uniq; Type: CONSTRAINT; Schema: public; Owner: -; Tablespace: 
--

ALTER TABLE ONLY wagtailsearch_querydailyhits
    ADD CONSTRAINT wagtailsearch_querydailyhits_query_id_79086747560278_uniq UNIQUE (query_id, date);


--
-- Name: wagtailusers_userprofile_pkey; Type: CONSTRAINT; Schema: public; Owner: -; Tablespace: 
--

ALTER TABLE ONLY wagtailusers_userprofile
    ADD CONSTRAINT wagtailusers_userprofile_pkey PRIMARY KEY (id);


--
-- Name: wagtailusers_userprofile_user_id_key; Type: CONSTRAINT; Schema: public; Owner: -; Tablespace: 
--

ALTER TABLE ONLY wagtailusers_userprofile
    ADD CONSTRAINT wagtailusers_userprofile_user_id_key UNIQUE (user_id);


--
-- Name: auth_group_name_7665a36bbdb67308_like; Type: INDEX; Schema: public; Owner: -; Tablespace: 
--

CREATE INDEX auth_group_name_7665a36bbdb67308_like ON auth_group USING btree (name varchar_pattern_ops);


--
-- Name: auth_group_permissions_0e939a4f; Type: INDEX; Schema: public; Owner: -; Tablespace: 
--

CREATE INDEX auth_group_permissions_0e939a4f ON auth_group_permissions USING btree (group_id);


--
-- Name: auth_group_permissions_8373b171; Type: INDEX; Schema: public; Owner: -; Tablespace: 
--

CREATE INDEX auth_group_permissions_8373b171 ON auth_group_permissions USING btree (permission_id);


--
-- Name: auth_permission_417f1b1c; Type: INDEX; Schema: public; Owner: -; Tablespace: 
--

CREATE INDEX auth_permission_417f1b1c ON auth_permission USING btree (content_type_id);


--
-- Name: customuser_user_email_159630748200931_like; Type: INDEX; Schema: public; Owner: -; Tablespace: 
--

CREATE INDEX customuser_user_email_159630748200931_like ON customuser_user USING btree (email varchar_pattern_ops);


--
-- Name: customuser_user_groups_0e939a4f; Type: INDEX; Schema: public; Owner: -; Tablespace: 
--

CREATE INDEX customuser_user_groups_0e939a4f ON customuser_user_groups USING btree (group_id);


--
-- Name: customuser_user_groups_e8701ad4; Type: INDEX; Schema: public; Owner: -; Tablespace: 
--

CREATE INDEX customuser_user_groups_e8701ad4 ON customuser_user_groups USING btree (user_id);


--
-- Name: customuser_user_user_permissions_8373b171; Type: INDEX; Schema: public; Owner: -; Tablespace: 
--

CREATE INDEX customuser_user_user_permissions_8373b171 ON customuser_user_user_permissions USING btree (permission_id);


--
-- Name: customuser_user_user_permissions_e8701ad4; Type: INDEX; Schema: public; Owner: -; Tablespace: 
--

CREATE INDEX customuser_user_user_permissions_e8701ad4 ON customuser_user_user_permissions USING btree (user_id);


--
-- Name: django_admin_log_417f1b1c; Type: INDEX; Schema: public; Owner: -; Tablespace: 
--

CREATE INDEX django_admin_log_417f1b1c ON django_admin_log USING btree (content_type_id);


--
-- Name: django_admin_log_e8701ad4; Type: INDEX; Schema: public; Owner: -; Tablespace: 
--

CREATE INDEX django_admin_log_e8701ad4 ON django_admin_log USING btree (user_id);


--
-- Name: django_session_de54fa62; Type: INDEX; Schema: public; Owner: -; Tablespace: 
--

CREATE INDEX django_session_de54fa62 ON django_session USING btree (expire_date);


--
-- Name: django_session_session_key_3fb33b5fdd87a86f_like; Type: INDEX; Schema: public; Owner: -; Tablespace: 
--

CREATE INDEX django_session_session_key_3fb33b5fdd87a86f_like ON django_session USING btree (session_key varchar_pattern_ops);


--
-- Name: easy_thumbnails_source_b068931c; Type: INDEX; Schema: public; Owner: -; Tablespace: 
--

CREATE INDEX easy_thumbnails_source_b068931c ON easy_thumbnails_source USING btree (name);


--
-- Name: easy_thumbnails_source_b454e115; Type: INDEX; Schema: public; Owner: -; Tablespace: 
--

CREATE INDEX easy_thumbnails_source_b454e115 ON easy_thumbnails_source USING btree (storage_hash);


--
-- Name: easy_thumbnails_source_name_38cbc7eb65fc261b_like; Type: INDEX; Schema: public; Owner: -; Tablespace: 
--

CREATE INDEX easy_thumbnails_source_name_38cbc7eb65fc261b_like ON easy_thumbnails_source USING btree (name varchar_pattern_ops);


--
-- Name: easy_thumbnails_source_storage_hash_417781e295d0ceee_like; Type: INDEX; Schema: public; Owner: -; Tablespace: 
--

CREATE INDEX easy_thumbnails_source_storage_hash_417781e295d0ceee_like ON easy_thumbnails_source USING btree (storage_hash varchar_pattern_ops);


--
-- Name: easy_thumbnails_thumbnail_0afd9202; Type: INDEX; Schema: public; Owner: -; Tablespace: 
--

CREATE INDEX easy_thumbnails_thumbnail_0afd9202 ON easy_thumbnails_thumbnail USING btree (source_id);


--
-- Name: easy_thumbnails_thumbnail_b068931c; Type: INDEX; Schema: public; Owner: -; Tablespace: 
--

CREATE INDEX easy_thumbnails_thumbnail_b068931c ON easy_thumbnails_thumbnail USING btree (name);


--
-- Name: easy_thumbnails_thumbnail_b454e115; Type: INDEX; Schema: public; Owner: -; Tablespace: 
--

CREATE INDEX easy_thumbnails_thumbnail_b454e115 ON easy_thumbnails_thumbnail USING btree (storage_hash);


--
-- Name: easy_thumbnails_thumbnail_name_c03c5337b1aa13c_like; Type: INDEX; Schema: public; Owner: -; Tablespace: 
--

CREATE INDEX easy_thumbnails_thumbnail_name_c03c5337b1aa13c_like ON easy_thumbnails_thumbnail USING btree (name varchar_pattern_ops);


--
-- Name: easy_thumbnails_thumbnail_storage_hash_6f4dc48e20d434c1_like; Type: INDEX; Schema: public; Owner: -; Tablespace: 
--

CREATE INDEX easy_thumbnails_thumbnail_storage_hash_6f4dc48e20d434c1_like ON easy_thumbnails_thumbnail USING btree (storage_hash varchar_pattern_ops);


--
-- Name: home_aboutpage_36b62cbe; Type: INDEX; Schema: public; Owner: -; Tablespace: 
--

CREATE INDEX home_aboutpage_36b62cbe ON home_aboutpage USING btree (main_image_id);


--
-- Name: home_academicpage_36b62cbe; Type: INDEX; Schema: public; Owner: -; Tablespace: 
--

CREATE INDEX home_academicpage_36b62cbe ON home_academicpage USING btree (main_image_id);


--
-- Name: home_adjunctprofessor_628c0510; Type: INDEX; Schema: public; Owner: -; Tablespace: 
--

CREATE INDEX home_adjunctprofessor_628c0510 ON home_adjunctprofessor USING btree (professor_image_id);


--
-- Name: home_admissionpage_36b62cbe; Type: INDEX; Schema: public; Owner: -; Tablespace: 
--

CREATE INDEX home_admissionpage_36b62cbe ON home_admissionpage USING btree (main_image_id);


--
-- Name: home_chairmanpage_c24e8e1f; Type: INDEX; Schema: public; Owner: -; Tablespace: 
--

CREATE INDEX home_chairmanpage_c24e8e1f ON home_chairmanpage USING btree (chairman_image_id);


--
-- Name: home_faithpage_36b62cbe; Type: INDEX; Schema: public; Owner: -; Tablespace: 
--

CREATE INDEX home_faithpage_36b62cbe ON home_faithpage USING btree (main_image_id);


--
-- Name: home_formfield_1a63c800; Type: INDEX; Schema: public; Owner: -; Tablespace: 
--

CREATE INDEX home_formfield_1a63c800 ON home_formfield USING btree (page_id);


--
-- Name: home_missionpage_36b62cbe; Type: INDEX; Schema: public; Owner: -; Tablespace: 
--

CREATE INDEX home_missionpage_36b62cbe ON home_missionpage USING btree (main_image_id);


--
-- Name: home_presidentpage_95be3c30; Type: INDEX; Schema: public; Owner: -; Tablespace: 
--

CREATE INDEX home_presidentpage_95be3c30 ON home_presidentpage USING btree (president_image_id);


--
-- Name: home_professor_628c0510; Type: INDEX; Schema: public; Owner: -; Tablespace: 
--

CREATE INDEX home_professor_628c0510 ON home_professor USING btree (professor_image_id);


--
-- Name: home_professor_ea134da7; Type: INDEX; Schema: public; Owner: -; Tablespace: 
--

CREATE INDEX home_professor_ea134da7 ON home_professor USING btree (course_id);


--
-- Name: home_staffpage_225a5e91; Type: INDEX; Schema: public; Owner: -; Tablespace: 
--

CREATE INDEX home_staffpage_225a5e91 ON home_staffpage USING btree (fifth_column_image_id);


--
-- Name: home_staffpage_6f0924fe; Type: INDEX; Schema: public; Owner: -; Tablespace: 
--

CREATE INDEX home_staffpage_6f0924fe ON home_staffpage USING btree (fourth_column_image_id);


--
-- Name: home_staffpage_a18b3be8; Type: INDEX; Schema: public; Owner: -; Tablespace: 
--

CREATE INDEX home_staffpage_a18b3be8 ON home_staffpage USING btree (third_column_image_id);


--
-- Name: home_staffpage_b238208f; Type: INDEX; Schema: public; Owner: -; Tablespace: 
--

CREATE INDEX home_staffpage_b238208f ON home_staffpage USING btree (first_column_image_id);


--
-- Name: home_staffpage_ba834c48; Type: INDEX; Schema: public; Owner: -; Tablespace: 
--

CREATE INDEX home_staffpage_ba834c48 ON home_staffpage USING btree (second_column_image_id);


--
-- Name: taggit_tag_name_352a4f53e1e6cf47_like; Type: INDEX; Schema: public; Owner: -; Tablespace: 
--

CREATE INDEX taggit_tag_name_352a4f53e1e6cf47_like ON taggit_tag USING btree (name varchar_pattern_ops);


--
-- Name: taggit_tag_slug_7b53216b5eb30e7a_like; Type: INDEX; Schema: public; Owner: -; Tablespace: 
--

CREATE INDEX taggit_tag_slug_7b53216b5eb30e7a_like ON taggit_tag USING btree (slug varchar_pattern_ops);


--
-- Name: taggit_taggeditem_417f1b1c; Type: INDEX; Schema: public; Owner: -; Tablespace: 
--

CREATE INDEX taggit_taggeditem_417f1b1c ON taggit_taggeditem USING btree (content_type_id);


--
-- Name: taggit_taggeditem_76f094bc; Type: INDEX; Schema: public; Owner: -; Tablespace: 
--

CREATE INDEX taggit_taggeditem_76f094bc ON taggit_taggeditem USING btree (tag_id);


--
-- Name: taggit_taggeditem_af31437c; Type: INDEX; Schema: public; Owner: -; Tablespace: 
--

CREATE INDEX taggit_taggeditem_af31437c ON taggit_taggeditem USING btree (object_id);


--
-- Name: wagtailcore_grouppagepermission_0e939a4f; Type: INDEX; Schema: public; Owner: -; Tablespace: 
--

CREATE INDEX wagtailcore_grouppagepermission_0e939a4f ON wagtailcore_grouppagepermission USING btree (group_id);


--
-- Name: wagtailcore_grouppagepermission_1a63c800; Type: INDEX; Schema: public; Owner: -; Tablespace: 
--

CREATE INDEX wagtailcore_grouppagepermission_1a63c800 ON wagtailcore_grouppagepermission USING btree (page_id);


--
-- Name: wagtailcore_page_2dbcba41; Type: INDEX; Schema: public; Owner: -; Tablespace: 
--

CREATE INDEX wagtailcore_page_2dbcba41 ON wagtailcore_page USING btree (slug);


--
-- Name: wagtailcore_page_417f1b1c; Type: INDEX; Schema: public; Owner: -; Tablespace: 
--

CREATE INDEX wagtailcore_page_417f1b1c ON wagtailcore_page USING btree (content_type_id);


--
-- Name: wagtailcore_page_5e7b1936; Type: INDEX; Schema: public; Owner: -; Tablespace: 
--

CREATE INDEX wagtailcore_page_5e7b1936 ON wagtailcore_page USING btree (owner_id);


--
-- Name: wagtailcore_page_path_1d96dbce42ce3047_like; Type: INDEX; Schema: public; Owner: -; Tablespace: 
--

CREATE INDEX wagtailcore_page_path_1d96dbce42ce3047_like ON wagtailcore_page USING btree (path varchar_pattern_ops);


--
-- Name: wagtailcore_page_slug_33cd6a503184f996_like; Type: INDEX; Schema: public; Owner: -; Tablespace: 
--

CREATE INDEX wagtailcore_page_slug_33cd6a503184f996_like ON wagtailcore_page USING btree (slug varchar_pattern_ops);


--
-- Name: wagtailcore_pagerevision_1a63c800; Type: INDEX; Schema: public; Owner: -; Tablespace: 
--

CREATE INDEX wagtailcore_pagerevision_1a63c800 ON wagtailcore_pagerevision USING btree (page_id);


--
-- Name: wagtailcore_pagerevision_e8701ad4; Type: INDEX; Schema: public; Owner: -; Tablespace: 
--

CREATE INDEX wagtailcore_pagerevision_e8701ad4 ON wagtailcore_pagerevision USING btree (user_id);


--
-- Name: wagtailcore_pageviewrestriction_1a63c800; Type: INDEX; Schema: public; Owner: -; Tablespace: 
--

CREATE INDEX wagtailcore_pageviewrestriction_1a63c800 ON wagtailcore_pageviewrestriction USING btree (page_id);


--
-- Name: wagtailcore_site_0897acf4; Type: INDEX; Schema: public; Owner: -; Tablespace: 
--

CREATE INDEX wagtailcore_site_0897acf4 ON wagtailcore_site USING btree (hostname);


--
-- Name: wagtailcore_site_8372b497; Type: INDEX; Schema: public; Owner: -; Tablespace: 
--

CREATE INDEX wagtailcore_site_8372b497 ON wagtailcore_site USING btree (root_page_id);


--
-- Name: wagtailcore_site_hostname_3ffbf6d0334f7d6a_like; Type: INDEX; Schema: public; Owner: -; Tablespace: 
--

CREATE INDEX wagtailcore_site_hostname_3ffbf6d0334f7d6a_like ON wagtailcore_site USING btree (hostname varchar_pattern_ops);


--
-- Name: wagtaildocs_document_ef01e2b6; Type: INDEX; Schema: public; Owner: -; Tablespace: 
--

CREATE INDEX wagtaildocs_document_ef01e2b6 ON wagtaildocs_document USING btree (uploaded_by_user_id);


--
-- Name: wagtailforms_formsubmission_1a63c800; Type: INDEX; Schema: public; Owner: -; Tablespace: 
--

CREATE INDEX wagtailforms_formsubmission_1a63c800 ON wagtailforms_formsubmission USING btree (page_id);


--
-- Name: wagtailimages_filter_b979c293; Type: INDEX; Schema: public; Owner: -; Tablespace: 
--

CREATE INDEX wagtailimages_filter_b979c293 ON wagtailimages_filter USING btree (spec);


--
-- Name: wagtailimages_filter_spec_409923649c6ba3fd_like; Type: INDEX; Schema: public; Owner: -; Tablespace: 
--

CREATE INDEX wagtailimages_filter_spec_409923649c6ba3fd_like ON wagtailimages_filter USING btree (spec varchar_pattern_ops);


--
-- Name: wagtailimages_image_ef01e2b6; Type: INDEX; Schema: public; Owner: -; Tablespace: 
--

CREATE INDEX wagtailimages_image_ef01e2b6 ON wagtailimages_image USING btree (uploaded_by_user_id);


--
-- Name: wagtailimages_rendition_0a317463; Type: INDEX; Schema: public; Owner: -; Tablespace: 
--

CREATE INDEX wagtailimages_rendition_0a317463 ON wagtailimages_rendition USING btree (filter_id);


--
-- Name: wagtailimages_rendition_f33175e6; Type: INDEX; Schema: public; Owner: -; Tablespace: 
--

CREATE INDEX wagtailimages_rendition_f33175e6 ON wagtailimages_rendition USING btree (image_id);


--
-- Name: wagtailredirects_redirect_2fd79f37; Type: INDEX; Schema: public; Owner: -; Tablespace: 
--

CREATE INDEX wagtailredirects_redirect_2fd79f37 ON wagtailredirects_redirect USING btree (redirect_page_id);


--
-- Name: wagtailredirects_redirect_9365d6e7; Type: INDEX; Schema: public; Owner: -; Tablespace: 
--

CREATE INDEX wagtailredirects_redirect_9365d6e7 ON wagtailredirects_redirect USING btree (site_id);


--
-- Name: wagtailredirects_redirect_old_path_610b66b8a211c03b_like; Type: INDEX; Schema: public; Owner: -; Tablespace: 
--

CREATE INDEX wagtailredirects_redirect_old_path_610b66b8a211c03b_like ON wagtailredirects_redirect USING btree (old_path varchar_pattern_ops);


--
-- Name: wagtailsearch_editorspick_0bbeda9c; Type: INDEX; Schema: public; Owner: -; Tablespace: 
--

CREATE INDEX wagtailsearch_editorspick_0bbeda9c ON wagtailsearch_editorspick USING btree (query_id);


--
-- Name: wagtailsearch_editorspick_1a63c800; Type: INDEX; Schema: public; Owner: -; Tablespace: 
--

CREATE INDEX wagtailsearch_editorspick_1a63c800 ON wagtailsearch_editorspick USING btree (page_id);


--
-- Name: wagtailsearch_query_query_string_6a2554201de9f1b_like; Type: INDEX; Schema: public; Owner: -; Tablespace: 
--

CREATE INDEX wagtailsearch_query_query_string_6a2554201de9f1b_like ON wagtailsearch_query USING btree (query_string varchar_pattern_ops);


--
-- Name: wagtailsearch_querydailyhits_0bbeda9c; Type: INDEX; Schema: public; Owner: -; Tablespace: 
--

CREATE INDEX wagtailsearch_querydailyhits_0bbeda9c ON wagtailsearch_querydailyhits USING btree (query_id);


--
-- Name: D2f0c6e3dccb01e002c5eed7060c3b9a; Type: FK CONSTRAINT; Schema: public; Owner: -
--

ALTER TABLE ONLY home_staffpage
    ADD CONSTRAINT "D2f0c6e3dccb01e002c5eed7060c3b9a" FOREIGN KEY (first_column_image_id) REFERENCES wagtailimages_image(id) DEFERRABLE INITIALLY DEFERRED;


--
-- Name: auth_content_type_id_426ec875366b3dda_fk_django_content_type_id; Type: FK CONSTRAINT; Schema: public; Owner: -
--

ALTER TABLE ONLY auth_permission
    ADD CONSTRAINT auth_content_type_id_426ec875366b3dda_fk_django_content_type_id FOREIGN KEY (content_type_id) REFERENCES django_content_type(id) DEFERRABLE INITIALLY DEFERRED;


--
-- Name: auth_group_permission_group_id_57fc07628a848d9_fk_auth_group_id; Type: FK CONSTRAINT; Schema: public; Owner: -
--

ALTER TABLE ONLY auth_group_permissions
    ADD CONSTRAINT auth_group_permission_group_id_57fc07628a848d9_fk_auth_group_id FOREIGN KEY (group_id) REFERENCES auth_group(id) DEFERRABLE INITIALLY DEFERRED;


--
-- Name: auth_group_permission_id_52013bedfbcc4057_fk_auth_permission_id; Type: FK CONSTRAINT; Schema: public; Owner: -
--

ALTER TABLE ONLY auth_group_permissions
    ADD CONSTRAINT auth_group_permission_id_52013bedfbcc4057_fk_auth_permission_id FOREIGN KEY (permission_id) REFERENCES auth_permission(id) DEFERRABLE INITIALLY DEFERRED;


--
-- Name: bf4b8a9dd09e1b56f992b1b4b6d62dbf; Type: FK CONSTRAINT; Schema: public; Owner: -
--

ALTER TABLE ONLY home_staffpage
    ADD CONSTRAINT bf4b8a9dd09e1b56f992b1b4b6d62dbf FOREIGN KEY (fifth_column_image_id) REFERENCES wagtailimages_image(id) DEFERRABLE INITIALLY DEFERRED;


--
-- Name: c1ac98a69b14ccd9c1595f81c3822d18; Type: FK CONSTRAINT; Schema: public; Owner: -
--

ALTER TABLE ONLY home_staffpage
    ADD CONSTRAINT c1ac98a69b14ccd9c1595f81c3822d18 FOREIGN KEY (third_column_image_id) REFERENCES wagtailimages_image(id) DEFERRABLE INITIALLY DEFERRED;


--
-- Name: customuser_permission_id_77bfc76393ec8d65_fk_auth_permission_id; Type: FK CONSTRAINT; Schema: public; Owner: -
--

ALTER TABLE ONLY customuser_user_user_permissions
    ADD CONSTRAINT customuser_permission_id_77bfc76393ec8d65_fk_auth_permission_id FOREIGN KEY (permission_id) REFERENCES auth_permission(id) DEFERRABLE INITIALLY DEFERRED;


--
-- Name: customuser_user__user_id_231de73d12ca3cd3_fk_customuser_user_id; Type: FK CONSTRAINT; Schema: public; Owner: -
--

ALTER TABLE ONLY customuser_user_groups
    ADD CONSTRAINT customuser_user__user_id_231de73d12ca3cd3_fk_customuser_user_id FOREIGN KEY (user_id) REFERENCES customuser_user(id) DEFERRABLE INITIALLY DEFERRED;


--
-- Name: customuser_user__user_id_25455e421d51c4de_fk_customuser_user_id; Type: FK CONSTRAINT; Schema: public; Owner: -
--

ALTER TABLE ONLY customuser_user_user_permissions
    ADD CONSTRAINT customuser_user__user_id_25455e421d51c4de_fk_customuser_user_id FOREIGN KEY (user_id) REFERENCES customuser_user(id) DEFERRABLE INITIALLY DEFERRED;


--
-- Name: customuser_user_groups_group_id_2f7fdf258880a2_fk_auth_group_id; Type: FK CONSTRAINT; Schema: public; Owner: -
--

ALTER TABLE ONLY customuser_user_groups
    ADD CONSTRAINT customuser_user_groups_group_id_2f7fdf258880a2_fk_auth_group_id FOREIGN KEY (group_id) REFERENCES auth_group(id) DEFERRABLE INITIALLY DEFERRED;


--
-- Name: djan_content_type_id_6a613939832fcaa7_fk_django_content_type_id; Type: FK CONSTRAINT; Schema: public; Owner: -
--

ALTER TABLE ONLY django_admin_log
    ADD CONSTRAINT djan_content_type_id_6a613939832fcaa7_fk_django_content_type_id FOREIGN KEY (content_type_id) REFERENCES django_content_type(id) DEFERRABLE INITIALLY DEFERRED;


--
-- Name: django_admin_log_user_id_78f04b5cdc41908b_fk_customuser_user_id; Type: FK CONSTRAINT; Schema: public; Owner: -
--

ALTER TABLE ONLY django_admin_log
    ADD CONSTRAINT django_admin_log_user_id_78f04b5cdc41908b_fk_customuser_user_id FOREIGN KEY (user_id) REFERENCES customuser_user(id) DEFERRABLE INITIALLY DEFERRED;


--
-- Name: e_thumbnail_id_3e013d57ce7e94cb_fk_easy_thumbnails_thumbnail_id; Type: FK CONSTRAINT; Schema: public; Owner: -
--

ALTER TABLE ONLY easy_thumbnails_thumbnaildimensions
    ADD CONSTRAINT e_thumbnail_id_3e013d57ce7e94cb_fk_easy_thumbnails_thumbnail_id FOREIGN KEY (thumbnail_id) REFERENCES easy_thumbnails_thumbnail(id) DEFERRABLE INITIALLY DEFERRED;


--
-- Name: easy_th_source_id_321805aede6687c9_fk_easy_thumbnails_source_id; Type: FK CONSTRAINT; Schema: public; Owner: -
--

ALTER TABLE ONLY easy_thumbnails_thumbnail
    ADD CONSTRAINT easy_th_source_id_321805aede6687c9_fk_easy_thumbnails_source_id FOREIGN KEY (source_id) REFERENCES easy_thumbnails_source(id) DEFERRABLE INITIALLY DEFERRED;


--
-- Name: ec6cc53404e4a4ee3f3e85f90f0b07cd; Type: FK CONSTRAINT; Schema: public; Owner: -
--

ALTER TABLE ONLY home_staffpage
    ADD CONSTRAINT ec6cc53404e4a4ee3f3e85f90f0b07cd FOREIGN KEY (second_column_image_id) REFERENCES wagtailimages_image(id) DEFERRABLE INITIALLY DEFERRED;


--
-- Name: fd8df23644a5bfe320428e6a741c48da; Type: FK CONSTRAINT; Schema: public; Owner: -
--

ALTER TABLE ONLY home_staffpage
    ADD CONSTRAINT fd8df23644a5bfe320428e6a741c48da FOREIGN KEY (fourth_column_image_id) REFERENCES wagtailimages_image(id) DEFERRABLE INITIALLY DEFERRED;


--
-- Name: h_president_image_id_5b6916ce316916f9_fk_wagtailimages_image_id; Type: FK CONSTRAINT; Schema: public; Owner: -
--

ALTER TABLE ONLY home_presidentpage
    ADD CONSTRAINT h_president_image_id_5b6916ce316916f9_fk_wagtailimages_image_id FOREIGN KEY (president_image_id) REFERENCES wagtailimages_image(id) DEFERRABLE INITIALLY DEFERRED;


--
-- Name: h_professor_image_id_4df2333f2c01e3b1_fk_wagtailimages_image_id; Type: FK CONSTRAINT; Schema: public; Owner: -
--

ALTER TABLE ONLY home_adjunctprofessor
    ADD CONSTRAINT h_professor_image_id_4df2333f2c01e3b1_fk_wagtailimages_image_id FOREIGN KEY (professor_image_id) REFERENCES wagtailimages_image(id) DEFERRABLE INITIALLY DEFERRED;


--
-- Name: ho_chairman_image_id_560f09c64138fe11_fk_wagtailimages_image_id; Type: FK CONSTRAINT; Schema: public; Owner: -
--

ALTER TABLE ONLY home_chairmanpage
    ADD CONSTRAINT ho_chairman_image_id_560f09c64138fe11_fk_wagtailimages_image_id FOREIGN KEY (chairman_image_id) REFERENCES wagtailimages_image(id) DEFERRABLE INITIALLY DEFERRED;


--
-- Name: ho_professor_image_id_48877a08374a4d2_fk_wagtailimages_image_id; Type: FK CONSTRAINT; Schema: public; Owner: -
--

ALTER TABLE ONLY home_professor
    ADD CONSTRAINT ho_professor_image_id_48877a08374a4d2_fk_wagtailimages_image_id FOREIGN KEY (professor_image_id) REFERENCES wagtailimages_image(id) DEFERRABLE INITIALLY DEFERRED;


--
-- Name: home_a_main_image_id_341d070af76ca64d_fk_wagtailimages_image_id; Type: FK CONSTRAINT; Schema: public; Owner: -
--

ALTER TABLE ONLY home_admissionpage
    ADD CONSTRAINT home_a_main_image_id_341d070af76ca64d_fk_wagtailimages_image_id FOREIGN KEY (main_image_id) REFERENCES wagtailimages_image(id) DEFERRABLE INITIALLY DEFERRED;


--
-- Name: home_a_main_image_id_48830c21360335ac_fk_wagtailimages_image_id; Type: FK CONSTRAINT; Schema: public; Owner: -
--

ALTER TABLE ONLY home_academicpage
    ADD CONSTRAINT home_a_main_image_id_48830c21360335ac_fk_wagtailimages_image_id FOREIGN KEY (main_image_id) REFERENCES wagtailimages_image(id) DEFERRABLE INITIALLY DEFERRED;


--
-- Name: home_a_main_image_id_5da9735a12d9d323_fk_wagtailimages_image_id; Type: FK CONSTRAINT; Schema: public; Owner: -
--

ALTER TABLE ONLY home_aboutpage
    ADD CONSTRAINT home_a_main_image_id_5da9735a12d9d323_fk_wagtailimages_image_id FOREIGN KEY (main_image_id) REFERENCES wagtailimages_image(id) DEFERRABLE INITIALLY DEFERRED;


--
-- Name: home_aboutp_page_ptr_id_4a7f55b5d4af4fe6_fk_wagtailcore_page_id; Type: FK CONSTRAINT; Schema: public; Owner: -
--

ALTER TABLE ONLY home_aboutpage
    ADD CONSTRAINT home_aboutp_page_ptr_id_4a7f55b5d4af4fe6_fk_wagtailcore_page_id FOREIGN KEY (page_ptr_id) REFERENCES wagtailcore_page(id) DEFERRABLE INITIALLY DEFERRED;


--
-- Name: home_academ_page_ptr_id_55dae9875faad55d_fk_wagtailcore_page_id; Type: FK CONSTRAINT; Schema: public; Owner: -
--

ALTER TABLE ONLY home_academicpage
    ADD CONSTRAINT home_academ_page_ptr_id_55dae9875faad55d_fk_wagtailcore_page_id FOREIGN KEY (page_ptr_id) REFERENCES wagtailcore_page(id) DEFERRABLE INITIALLY DEFERRED;


--
-- Name: home_academi_page_ptr_id_cf5b0d97595723c_fk_wagtailcore_page_id; Type: FK CONSTRAINT; Schema: public; Owner: -
--

ALTER TABLE ONLY home_academicprogrampage
    ADD CONSTRAINT home_academi_page_ptr_id_cf5b0d97595723c_fk_wagtailcore_page_id FOREIGN KEY (page_ptr_id) REFERENCES wagtailcore_page(id) DEFERRABLE INITIALLY DEFERRED;


--
-- Name: home_admiss_page_ptr_id_4447d3be7c0844f6_fk_wagtailcore_page_id; Type: FK CONSTRAINT; Schema: public; Owner: -
--

ALTER TABLE ONLY home_admissionpage
    ADD CONSTRAINT home_admiss_page_ptr_id_4447d3be7c0844f6_fk_wagtailcore_page_id FOREIGN KEY (page_ptr_id) REFERENCES wagtailcore_page(id) DEFERRABLE INITIALLY DEFERRED;


--
-- Name: home_chairm_page_ptr_id_769fe7b654b96b85_fk_wagtailcore_page_id; Type: FK CONSTRAINT; Schema: public; Owner: -
--

ALTER TABLE ONLY home_chairmanpage
    ADD CONSTRAINT home_chairm_page_ptr_id_769fe7b654b96b85_fk_wagtailcore_page_id FOREIGN KEY (page_ptr_id) REFERENCES wagtailcore_page(id) DEFERRABLE INITIALLY DEFERRED;


--
-- Name: home_contac_page_ptr_id_54acbe67b0bbcf72_fk_wagtailcore_page_id; Type: FK CONSTRAINT; Schema: public; Owner: -
--

ALTER TABLE ONLY home_contactpage
    ADD CONSTRAINT home_contac_page_ptr_id_54acbe67b0bbcf72_fk_wagtailcore_page_id FOREIGN KEY (page_ptr_id) REFERENCES wagtailcore_page(id) DEFERRABLE INITIALLY DEFERRED;


--
-- Name: home_f_main_image_id_4b4f54024b44b47a_fk_wagtailimages_image_id; Type: FK CONSTRAINT; Schema: public; Owner: -
--

ALTER TABLE ONLY home_faithpage
    ADD CONSTRAINT home_f_main_image_id_4b4f54024b44b47a_fk_wagtailimages_image_id FOREIGN KEY (main_image_id) REFERENCES wagtailimages_image(id) DEFERRABLE INITIALLY DEFERRED;


--
-- Name: home_faculty_page_ptr_id_1dae642e5fc50d5_fk_wagtailcore_page_id; Type: FK CONSTRAINT; Schema: public; Owner: -
--

ALTER TABLE ONLY home_facultypage
    ADD CONSTRAINT home_faculty_page_ptr_id_1dae642e5fc50d5_fk_wagtailcore_page_id FOREIGN KEY (page_ptr_id) REFERENCES wagtailcore_page(id) DEFERRABLE INITIALLY DEFERRED;


--
-- Name: home_faithp_page_ptr_id_6b5dbc2cfc940b8f_fk_wagtailcore_page_id; Type: FK CONSTRAINT; Schema: public; Owner: -
--

ALTER TABLE ONLY home_faithpage
    ADD CONSTRAINT home_faithp_page_ptr_id_6b5dbc2cfc940b8f_fk_wagtailcore_page_id FOREIGN KEY (page_ptr_id) REFERENCES wagtailcore_page(id) DEFERRABLE INITIALLY DEFERRED;


--
-- Name: home_fo_page_id_540def10bdd5c57_fk_home_contactpage_page_ptr_id; Type: FK CONSTRAINT; Schema: public; Owner: -
--

ALTER TABLE ONLY home_formfield
    ADD CONSTRAINT home_fo_page_id_540def10bdd5c57_fk_home_contactpage_page_ptr_id FOREIGN KEY (page_id) REFERENCES home_contactpage(page_ptr_id) DEFERRABLE INITIALLY DEFERRED;


--
-- Name: home_homepa_page_ptr_id_6b97572f83da83b6_fk_wagtailcore_page_id; Type: FK CONSTRAINT; Schema: public; Owner: -
--

ALTER TABLE ONLY home_homepage
    ADD CONSTRAINT home_homepa_page_ptr_id_6b97572f83da83b6_fk_wagtailcore_page_id FOREIGN KEY (page_ptr_id) REFERENCES wagtailcore_page(id) DEFERRABLE INITIALLY DEFERRED;


--
-- Name: home_mi_main_image_id_bf5488bee3e0be7_fk_wagtailimages_image_id; Type: FK CONSTRAINT; Schema: public; Owner: -
--

ALTER TABLE ONLY home_missionpage
    ADD CONSTRAINT home_mi_main_image_id_bf5488bee3e0be7_fk_wagtailimages_image_id FOREIGN KEY (main_image_id) REFERENCES wagtailimages_image(id) DEFERRABLE INITIALLY DEFERRED;


--
-- Name: home_missio_page_ptr_id_3200f609e1182c3e_fk_wagtailcore_page_id; Type: FK CONSTRAINT; Schema: public; Owner: -
--

ALTER TABLE ONLY home_missionpage
    ADD CONSTRAINT home_missio_page_ptr_id_3200f609e1182c3e_fk_wagtailcore_page_id FOREIGN KEY (page_ptr_id) REFERENCES wagtailcore_page(id) DEFERRABLE INITIALLY DEFERRED;


--
-- Name: home_presid_page_ptr_id_62a75680a588fca1_fk_wagtailcore_page_id; Type: FK CONSTRAINT; Schema: public; Owner: -
--

ALTER TABLE ONLY home_presidentpage
    ADD CONSTRAINT home_presid_page_ptr_id_62a75680a588fca1_fk_wagtailcore_page_id FOREIGN KEY (page_ptr_id) REFERENCES wagtailcore_page(id) DEFERRABLE INITIALLY DEFERRED;


--
-- Name: home_professor_course_id_702e5833cbb57b14_fk_home_course_id; Type: FK CONSTRAINT; Schema: public; Owner: -
--

ALTER TABLE ONLY home_professor
    ADD CONSTRAINT home_professor_course_id_702e5833cbb57b14_fk_home_course_id FOREIGN KEY (course_id) REFERENCES home_course(id) DEFERRABLE INITIALLY DEFERRED;


--
-- Name: home_staffpa_page_ptr_id_b083750d8f35a16_fk_wagtailcore_page_id; Type: FK CONSTRAINT; Schema: public; Owner: -
--

ALTER TABLE ONLY home_staffpage
    ADD CONSTRAINT home_staffpa_page_ptr_id_b083750d8f35a16_fk_wagtailcore_page_id FOREIGN KEY (page_ptr_id) REFERENCES wagtailcore_page(id) DEFERRABLE INITIALLY DEFERRED;


--
-- Name: profiles_profile_user_id_43e45dad59676234_fk_customuser_user_id; Type: FK CONSTRAINT; Schema: public; Owner: -
--

ALTER TABLE ONLY profiles_profile
    ADD CONSTRAINT profiles_profile_user_id_43e45dad59676234_fk_customuser_user_id FOREIGN KEY (user_id) REFERENCES customuser_user(id) DEFERRABLE INITIALLY DEFERRED;


--
-- Name: taggi_content_type_id_de04cbca87b0d2f_fk_django_content_type_id; Type: FK CONSTRAINT; Schema: public; Owner: -
--

ALTER TABLE ONLY taggit_taggeditem
    ADD CONSTRAINT taggi_content_type_id_de04cbca87b0d2f_fk_django_content_type_id FOREIGN KEY (content_type_id) REFERENCES django_content_type(id) DEFERRABLE INITIALLY DEFERRED;


--
-- Name: taggit_taggeditem_tag_id_626bb7c335f8c891_fk_taggit_tag_id; Type: FK CONSTRAINT; Schema: public; Owner: -
--

ALTER TABLE ONLY taggit_taggeditem
    ADD CONSTRAINT taggit_taggeditem_tag_id_626bb7c335f8c891_fk_taggit_tag_id FOREIGN KEY (tag_id) REFERENCES taggit_tag(id) DEFERRABLE INITIALLY DEFERRED;


--
-- Name: wagt_content_type_id_41104bd3511ee9a9_fk_django_content_type_id; Type: FK CONSTRAINT; Schema: public; Owner: -
--

ALTER TABLE ONLY wagtailcore_page
    ADD CONSTRAINT wagt_content_type_id_41104bd3511ee9a9_fk_django_content_type_id FOREIGN KEY (content_type_id) REFERENCES django_content_type(id) DEFERRABLE INITIALLY DEFERRED;


--
-- Name: wagt_uploaded_by_user_id_10a3f7343c7d6b4b_fk_customuser_user_id; Type: FK CONSTRAINT; Schema: public; Owner: -
--

ALTER TABLE ONLY wagtaildocs_document
    ADD CONSTRAINT wagt_uploaded_by_user_id_10a3f7343c7d6b4b_fk_customuser_user_id FOREIGN KEY (uploaded_by_user_id) REFERENCES customuser_user(id) DEFERRABLE INITIALLY DEFERRED;


--
-- Name: wagt_uploaded_by_user_id_5f678b0be96600c4_fk_customuser_user_id; Type: FK CONSTRAINT; Schema: public; Owner: -
--

ALTER TABLE ONLY wagtailimages_image
    ADD CONSTRAINT wagt_uploaded_by_user_id_5f678b0be96600c4_fk_customuser_user_id FOREIGN KEY (uploaded_by_user_id) REFERENCES customuser_user(id) DEFERRABLE INITIALLY DEFERRED;


--
-- Name: wagtai_redirect_page_id_1fc1037e8cf399c4_fk_wagtailcore_page_id; Type: FK CONSTRAINT; Schema: public; Owner: -
--

ALTER TABLE ONLY wagtailredirects_redirect
    ADD CONSTRAINT wagtai_redirect_page_id_1fc1037e8cf399c4_fk_wagtailcore_page_id FOREIGN KEY (redirect_page_id) REFERENCES wagtailcore_page(id) DEFERRABLE INITIALLY DEFERRED;


--
-- Name: wagtailcor_root_page_id_3e30e080d28213b6_fk_wagtailcore_page_id; Type: FK CONSTRAINT; Schema: public; Owner: -
--

ALTER TABLE ONLY wagtailcore_site
    ADD CONSTRAINT wagtailcor_root_page_id_3e30e080d28213b6_fk_wagtailcore_page_id FOREIGN KEY (root_page_id) REFERENCES wagtailcore_page(id) DEFERRABLE INITIALLY DEFERRED;


--
-- Name: wagtailcore_gro_page_id_7b225fb90aae2549_fk_wagtailcore_page_id; Type: FK CONSTRAINT; Schema: public; Owner: -
--

ALTER TABLE ONLY wagtailcore_grouppagepermission
    ADD CONSTRAINT wagtailcore_gro_page_id_7b225fb90aae2549_fk_wagtailcore_page_id FOREIGN KEY (page_id) REFERENCES wagtailcore_page(id) DEFERRABLE INITIALLY DEFERRED;


--
-- Name: wagtailcore_grouppag_group_id_5e2917ffb767a184_fk_auth_group_id; Type: FK CONSTRAINT; Schema: public; Owner: -
--

ALTER TABLE ONLY wagtailcore_grouppagepermission
    ADD CONSTRAINT wagtailcore_grouppag_group_id_5e2917ffb767a184_fk_auth_group_id FOREIGN KEY (group_id) REFERENCES auth_group(id) DEFERRABLE INITIALLY DEFERRED;


--
-- Name: wagtailcore_pag_owner_id_769ea693e7256f60_fk_customuser_user_id; Type: FK CONSTRAINT; Schema: public; Owner: -
--

ALTER TABLE ONLY wagtailcore_page
    ADD CONSTRAINT wagtailcore_pag_owner_id_769ea693e7256f60_fk_customuser_user_id FOREIGN KEY (owner_id) REFERENCES customuser_user(id) DEFERRABLE INITIALLY DEFERRED;


--
-- Name: wagtailcore_pag_page_id_3696fe3bd41be929_fk_wagtailcore_page_id; Type: FK CONSTRAINT; Schema: public; Owner: -
--

ALTER TABLE ONLY wagtailcore_pageviewrestriction
    ADD CONSTRAINT wagtailcore_pag_page_id_3696fe3bd41be929_fk_wagtailcore_page_id FOREIGN KEY (page_id) REFERENCES wagtailcore_page(id) DEFERRABLE INITIALLY DEFERRED;


--
-- Name: wagtailcore_pag_page_id_7a085a6a003c2e38_fk_wagtailcore_page_id; Type: FK CONSTRAINT; Schema: public; Owner: -
--

ALTER TABLE ONLY wagtailcore_pagerevision
    ADD CONSTRAINT wagtailcore_pag_page_id_7a085a6a003c2e38_fk_wagtailcore_page_id FOREIGN KEY (page_id) REFERENCES wagtailcore_page(id) DEFERRABLE INITIALLY DEFERRED;


--
-- Name: wagtailcore_page_user_id_482fed05cd73a514_fk_customuser_user_id; Type: FK CONSTRAINT; Schema: public; Owner: -
--

ALTER TABLE ONLY wagtailcore_pagerevision
    ADD CONSTRAINT wagtailcore_page_user_id_482fed05cd73a514_fk_customuser_user_id FOREIGN KEY (user_id) REFERENCES customuser_user(id) DEFERRABLE INITIALLY DEFERRED;


--
-- Name: wagtailforms_fo_page_id_7776d182b41d08b3_fk_wagtailcore_page_id; Type: FK CONSTRAINT; Schema: public; Owner: -
--

ALTER TABLE ONLY wagtailforms_formsubmission
    ADD CONSTRAINT wagtailforms_fo_page_id_7776d182b41d08b3_fk_wagtailcore_page_id FOREIGN KEY (page_id) REFERENCES wagtailcore_page(id) DEFERRABLE INITIALLY DEFERRED;


--
-- Name: wagtailim_filter_id_6afc387f605dd75c_fk_wagtailimages_filter_id; Type: FK CONSTRAINT; Schema: public; Owner: -
--

ALTER TABLE ONLY wagtailimages_rendition
    ADD CONSTRAINT wagtailim_filter_id_6afc387f605dd75c_fk_wagtailimages_filter_id FOREIGN KEY (filter_id) REFERENCES wagtailimages_filter(id) DEFERRABLE INITIALLY DEFERRED;


--
-- Name: wagtailimag_image_id_2c8ddec62fb6f84b_fk_wagtailimages_image_id; Type: FK CONSTRAINT; Schema: public; Owner: -
--

ALTER TABLE ONLY wagtailimages_rendition
    ADD CONSTRAINT wagtailimag_image_id_2c8ddec62fb6f84b_fk_wagtailimages_image_id FOREIGN KEY (image_id) REFERENCES wagtailimages_image(id) DEFERRABLE INITIALLY DEFERRED;


--
-- Name: wagtailredirect_site_id_7b7af15c0e80cbd4_fk_wagtailcore_site_id; Type: FK CONSTRAINT; Schema: public; Owner: -
--

ALTER TABLE ONLY wagtailredirects_redirect
    ADD CONSTRAINT wagtailredirect_site_id_7b7af15c0e80cbd4_fk_wagtailcore_site_id FOREIGN KEY (site_id) REFERENCES wagtailcore_site(id) DEFERRABLE INITIALLY DEFERRED;


--
-- Name: wagtailsear_query_id_541f82ef755c7a39_fk_wagtailsearch_query_id; Type: FK CONSTRAINT; Schema: public; Owner: -
--

ALTER TABLE ONLY wagtailsearch_querydailyhits
    ADD CONSTRAINT wagtailsear_query_id_541f82ef755c7a39_fk_wagtailsearch_query_id FOREIGN KEY (query_id) REFERENCES wagtailsearch_query(id) DEFERRABLE INITIALLY DEFERRED;


--
-- Name: wagtailsear_query_id_70b4a2d234a4eab8_fk_wagtailsearch_query_id; Type: FK CONSTRAINT; Schema: public; Owner: -
--

ALTER TABLE ONLY wagtailsearch_editorspick
    ADD CONSTRAINT wagtailsear_query_id_70b4a2d234a4eab8_fk_wagtailsearch_query_id FOREIGN KEY (query_id) REFERENCES wagtailsearch_query(id) DEFERRABLE INITIALLY DEFERRED;


--
-- Name: wagtailsearch_e_page_id_361eed8faee37b94_fk_wagtailcore_page_id; Type: FK CONSTRAINT; Schema: public; Owner: -
--

ALTER TABLE ONLY wagtailsearch_editorspick
    ADD CONSTRAINT wagtailsearch_e_page_id_361eed8faee37b94_fk_wagtailcore_page_id FOREIGN KEY (page_id) REFERENCES wagtailcore_page(id) DEFERRABLE INITIALLY DEFERRED;


--
-- Name: wagtailusers_use_user_id_140087ff955baad8_fk_customuser_user_id; Type: FK CONSTRAINT; Schema: public; Owner: -
--

ALTER TABLE ONLY wagtailusers_userprofile
    ADD CONSTRAINT wagtailusers_use_user_id_140087ff955baad8_fk_customuser_user_id FOREIGN KEY (user_id) REFERENCES customuser_user(id) DEFERRABLE INITIALLY DEFERRED;


--
-- Name: public; Type: ACL; Schema: -; Owner: -
--

REVOKE ALL ON SCHEMA public FROM PUBLIC;
REVOKE ALL ON SCHEMA public FROM postgres;
GRANT ALL ON SCHEMA public TO postgres;
GRANT ALL ON SCHEMA public TO PUBLIC;


--
-- PostgreSQL database dump complete
--

